[{"model": "contenttypes.contenttype", "pk": 1, "fields": {"app_label": "admin", "model": "logentry"}}, {"model": "contenttypes.contenttype", "pk": 2, "fields": {"app_label": "auth", "model": "permission"}}, {"model": "contenttypes.contenttype", "pk": 3, "fields": {"app_label": "auth", "model": "group"}}, {"model": "contenttypes.contenttype", "pk": 4, "fields": {"app_label": "auth", "model": "user"}}, {"model": "contenttypes.contenttype", "pk": 5, "fields": {"app_label": "contenttypes", "model": "contenttype"}}, {"model": "contenttypes.contenttype", "pk": 6, "fields": {"app_label": "sessions", "model": "session"}}, {"model": "contenttypes.contenttype", "pk": 7, "fields": {"app_label": "sites", "model": "site"}}, {"model": "contenttypes.contenttype", "pk": 8, "fields": {"app_label": "account", "model": "emailaddress"}}, {"model": "contenttypes.contenttype", "pk": 9, "fields": {"app_label": "account", "model": "emailconfirmation"}}, {"model": "contenttypes.contenttype", "pk": 10, "fields": {"app_label": "socialaccount", "model": "socialaccount"}}, {"model": "contenttypes.contenttype", "pk": 11, "fields": {"app_label": "socialaccount", "model": "socialapp"}}, {"model": "contenttypes.contenttype", "pk": 12, "fields": {"app_label": "socialaccount", "model": "socialtoken"}}, {"model": "contenttypes.contenttype", "pk": 13, "fields": {"app_label": "book", "model": "order"}}, {"model": "contenttypes.contenttype", "pk": 14, "fields": {"app_label": "book", "model": "orderitem"}}, {"model": "contenttypes.contenttype", "pk": 15, "fields": {"app_label": "book", "model": "book"}}, {"model": "contenttypes.contenttype", "pk": 16, "fields": {"app_label": "book", "model": "savecustomeraddress"}}, {"model": "contenttypes.contenttype", "pk": 17, "fields": {"app_label": "book", "model": "payment"}}, {"model": "contenttypes.contenttype", "pk": 18, "fields": {"app_label": "book", "model": "author"}}, {"model": "contenttypes.contenttype", "pk": 19, "fields": {"app_label": "book", "model": "category"}}, {"model": "contenttypes.contenttype", "pk": 20, "fields": {"app_label": "book", "model": "po"}}, {"model": "sessions.session", "pk": "2b3c7u5rih9un34j950974oumongmcex", "fields": {"session_data": "NWVjOWVhNTU2NmE1MTExODk3NjUxMTIyM2U3ZjlmZGQwMzkyNWM2ZDp7Il9hdXRoX3VzZXJfaWQiOiIxIiwiX2F1dGhfdXNlcl9iYWNrZW5kIjoiZGphbmdvLmNvbnRyaWIuYXV0aC5iYWNrZW5kcy5Nb2RlbEJhY2tlbmQiLCJfYXV0aF91c2VyX2hhc2giOiI3NGE4MzlmMWY4ZDRiZmQxMGJmZjg5ZDQ4M2YzYWFlMWJlOTgwNjYzIiwiX3Nlc3Npb25fZXhwaXJ5IjowfQ==", "expire_date": "2019-09-14T23:14:24.708Z"}}, {"model": "sessions.session", "pk": "2ulomzccxruq2g5dkiy5mb1vp8oe8sk5", "fields": {"session_data": "NWVjOWVhNTU2NmE1MTExODk3NjUxMTIyM2U3ZjlmZGQwMzkyNWM2ZDp7Il9hdXRoX3VzZXJfaWQiOiIxIiwiX2F1dGhfdXNlcl9iYWNrZW5kIjoiZGphbmdvLmNvbnRyaWIuYXV0aC5iYWNrZW5kcy5Nb2RlbEJhY2tlbmQiLCJfYXV0aF91c2VyX2hhc2giOiI3NGE4MzlmMWY4ZDRiZmQxMGJmZjg5ZDQ4M2YzYWFlMWJlOTgwNjYzIiwiX3Nlc3Npb25fZXhwaXJ5IjowfQ==", "expire_date": "2019-09-29T20:22:09.436Z"}}, {"model": "sessions.session", "pk": "48hgqyff02df6fkkw1oilitbojuks1ay", "fields": {"session_data": "NWVjOWVhNTU2NmE1MTExODk3NjUxMTIyM2U3ZjlmZGQwMzkyNWM2ZDp7Il9hdXRoX3VzZXJfaWQiOiIxIiwiX2F1dGhfdXNlcl9iYWNrZW5kIjoiZGphbmdvLmNvbnRyaWIuYXV0aC5iYWNrZW5kcy5Nb2RlbEJhY2tlbmQiLCJfYXV0aF91c2VyX2hhc2giOiI3NGE4MzlmMWY4ZDRiZmQxMGJmZjg5ZDQ4M2YzYWFlMWJlOTgwNjYzIiwiX3Nlc3Npb25fZXhwaXJ5IjowfQ==", "expire_date": "2019-09-16T11:42:33.818Z"}}, {"model": "sessions.session", "pk": "6ooe8h4ni2qxepqyu3m56m24p13jsi5j", "fields": {"session_data": "ZmFjODJmOGE1M2VhNWFhOGY3YjcyMDhmMjI3Yjk2OGY1MGQ4MmE0Zjp7Il9hdXRoX3VzZXJfaWQiOiI1IiwiX2F1dGhfdXNlcl9iYWNrZW5kIjoiZGphbmdvLmNvbnRyaWIuYXV0aC5iYWNrZW5kcy5Nb2RlbEJhY2tlbmQiLCJfYXV0aF91c2VyX2hhc2giOiIxYWU1NTAzYjU3ZDc3ODFmZWFjOWEzNTIyODQ2NzNlZTBhNDdlZDQ4IiwiX3Nlc3Npb25fZXhwaXJ5IjowfQ==", "expire_date": "2019-09-28T14:17:57.310Z"}}, {"model": "sessions.session", "pk": "7eqbjqwg4v8gxcrstcsmi6lrdwgn9jk9", "fields": {"session_data": "NWVjOWVhNTU2NmE1MTExODk3NjUxMTIyM2U3ZjlmZGQwMzkyNWM2ZDp7Il9hdXRoX3VzZXJfaWQiOiIxIiwiX2F1dGhfdXNlcl9iYWNrZW5kIjoiZGphbmdvLmNvbnRyaWIuYXV0aC5iYWNrZW5kcy5Nb2RlbEJhY2tlbmQiLCJfYXV0aF91c2VyX2hhc2giOiI3NGE4MzlmMWY4ZDRiZmQxMGJmZjg5ZDQ4M2YzYWFlMWJlOTgwNjYzIiwiX3Nlc3Npb25fZXhwaXJ5IjowfQ==", "expire_date": "2019-10-05T20:08:14.224Z"}}, {"model": "sessions.session", "pk": "8eml6mrh472nvr0001hehmh31ox1zp88", "fields": {"session_data": "NWVjOWVhNTU2NmE1MTExODk3NjUxMTIyM2U3ZjlmZGQwMzkyNWM2ZDp7Il9hdXRoX3VzZXJfaWQiOiIxIiwiX2F1dGhfdXNlcl9iYWNrZW5kIjoiZGphbmdvLmNvbnRyaWIuYXV0aC5iYWNrZW5kcy5Nb2RlbEJhY2tlbmQiLCJfYXV0aF91c2VyX2hhc2giOiI3NGE4MzlmMWY4ZDRiZmQxMGJmZjg5ZDQ4M2YzYWFlMWJlOTgwNjYzIiwiX3Nlc3Npb25fZXhwaXJ5IjowfQ==", "expire_date": "2019-09-17T12:21:13.813Z"}}, {"model": "sessions.session", "pk": "ag7tawuv75ojgg79g50oi4zisau26mun", "fields": {"session_data": "NWVjOWVhNTU2NmE1MTExODk3NjUxMTIyM2U3ZjlmZGQwMzkyNWM2ZDp7Il9hdXRoX3VzZXJfaWQiOiIxIiwiX2F1dGhfdXNlcl9iYWNrZW5kIjoiZGphbmdvLmNvbnRyaWIuYXV0aC5iYWNrZW5kcy5Nb2RlbEJhY2tlbmQiLCJfYXV0aF91c2VyX2hhc2giOiI3NGE4MzlmMWY4ZDRiZmQxMGJmZjg5ZDQ4M2YzYWFlMWJlOTgwNjYzIiwiX3Nlc3Npb25fZXhwaXJ5IjowfQ==", "expire_date": "2019-09-15T19:25:29.841Z"}}, {"model": "sessions.session", "pk": "dmdezewmh3semhv2kzhzdurqn89hbii2", "fields": {"session_data": "YTA4MTVjYjNmYzBmZTE3YjdiZmQzZjI2YTJkNTYzYTU0YmQ1MjNhNDp7Il9hdXRoX3VzZXJfaWQiOiIzIiwiX2F1dGhfdXNlcl9iYWNrZW5kIjoiZGphbmdvLmNvbnRyaWIuYXV0aC5iYWNrZW5kcy5Nb2RlbEJhY2tlbmQiLCJfYXV0aF91c2VyX2hhc2giOiI1YTE2OWEzMjgzZTBjN2FjZDkzMTQzZmY5MzMxNDA0NWQ4NTkwZjU1IiwiX3Nlc3Npb25fZXhwaXJ5IjowfQ==", "expire_date": "2019-09-23T12:12:34.804Z"}}, {"model": "sessions.session", "pk": "e6q3d8rz0gpf3agchy1v5nw3xp5uycsy", "fields": {"session_data": "M2RkMTkwMGNiZWZkYTljNDJiZGM0OTEyODk5Y2M4MjNlYTFkZGY5YTp7Il9wYXNzd29yZF9yZXNldF9rZXkiOiI1OWstYWVlNTlmNDVhZDM2MjYwZmYwNzQiLCJfYXV0aF91c2VyX2lkIjoiMSIsIl9hdXRoX3VzZXJfYmFja2VuZCI6ImRqYW5nby5jb250cmliLmF1dGguYmFja2VuZHMuTW9kZWxCYWNrZW5kIiwiX2F1dGhfdXNlcl9oYXNoIjoiNzRhODM5ZjFmOGQ0YmZkMTBiZmY4OWQ0ODNmM2FhZTFiZTk4MDY2MyIsIl9zZXNzaW9uX2V4cGlyeSI6MH0=", "expire_date": "2019-09-22T19:42:06.865Z"}}, {"model": "sessions.session", "pk": "kx96m4rc4j23joaexfuh4vogq8tagucm", "fields": {"session_data": "NWVjOWVhNTU2NmE1MTExODk3NjUxMTIyM2U3ZjlmZGQwMzkyNWM2ZDp7Il9hdXRoX3VzZXJfaWQiOiIxIiwiX2F1dGhfdXNlcl9iYWNrZW5kIjoiZGphbmdvLmNvbnRyaWIuYXV0aC5iYWNrZW5kcy5Nb2RlbEJhY2tlbmQiLCJfYXV0aF91c2VyX2hhc2giOiI3NGE4MzlmMWY4ZDRiZmQxMGJmZjg5ZDQ4M2YzYWFlMWJlOTgwNjYzIiwiX3Nlc3Npb25fZXhwaXJ5IjowfQ==", "expire_date": "2019-09-24T11:30:33.984Z"}}, {"model": "sessions.session", "pk": "ldm17o9q5u6yi62oe5802aesptxm7lpf", "fields": {"session_data": "YTA4MTVjYjNmYzBmZTE3YjdiZmQzZjI2YTJkNTYzYTU0YmQ1MjNhNDp7Il9hdXRoX3VzZXJfaWQiOiIzIiwiX2F1dGhfdXNlcl9iYWNrZW5kIjoiZGphbmdvLmNvbnRyaWIuYXV0aC5iYWNrZW5kcy5Nb2RlbEJhY2tlbmQiLCJfYXV0aF91c2VyX2hhc2giOiI1YTE2OWEzMjgzZTBjN2FjZDkzMTQzZmY5MzMxNDA0NWQ4NTkwZjU1IiwiX3Nlc3Npb25fZXhwaXJ5IjowfQ==", "expire_date": "2019-09-27T13:33:57.294Z"}}, {"model": "sessions.session", "pk": "opsa2cq9i3jnj4hbz57x80kvti9pg1v8", "fields": {"session_data": "NWVjOWVhNTU2NmE1MTExODk3NjUxMTIyM2U3ZjlmZGQwMzkyNWM2ZDp7Il9hdXRoX3VzZXJfaWQiOiIxIiwiX2F1dGhfdXNlcl9iYWNrZW5kIjoiZGphbmdvLmNvbnRyaWIuYXV0aC5iYWNrZW5kcy5Nb2RlbEJhY2tlbmQiLCJfYXV0aF91c2VyX2hhc2giOiI3NGE4MzlmMWY4ZDRiZmQxMGJmZjg5ZDQ4M2YzYWFlMWJlOTgwNjYzIiwiX3Nlc3Npb25fZXhwaXJ5IjowfQ==", "expire_date": "2019-09-18T09:56:04.711Z"}}, {"model": "sessions.session", "pk": "p0p0u7luzip9fwojixf5zqk1enrz9qub", "fields": {"session_data": "NWVjOWVhNTU2NmE1MTExODk3NjUxMTIyM2U3ZjlmZGQwMzkyNWM2ZDp7Il9hdXRoX3VzZXJfaWQiOiIxIiwiX2F1dGhfdXNlcl9iYWNrZW5kIjoiZGphbmdvLmNvbnRyaWIuYXV0aC5iYWNrZW5kcy5Nb2RlbEJhY2tlbmQiLCJfYXV0aF91c2VyX2hhc2giOiI3NGE4MzlmMWY4ZDRiZmQxMGJmZjg5ZDQ4M2YzYWFlMWJlOTgwNjYzIiwiX3Nlc3Npb25fZXhwaXJ5IjowfQ==", "expire_date": "2019-09-22T20:13:13.177Z"}}, {"model": "sessions.session", "pk": "uvoslrivui8w01852mqqvamtj6zrh91t", "fields": {"session_data": "NWVjOWVhNTU2NmE1MTExODk3NjUxMTIyM2U3ZjlmZGQwMzkyNWM2ZDp7Il9hdXRoX3VzZXJfaWQiOiIxIiwiX2F1dGhfdXNlcl9iYWNrZW5kIjoiZGphbmdvLmNvbnRyaWIuYXV0aC5iYWNrZW5kcy5Nb2RlbEJhY2tlbmQiLCJfYXV0aF91c2VyX2hhc2giOiI3NGE4MzlmMWY4ZDRiZmQxMGJmZjg5ZDQ4M2YzYWFlMWJlOTgwNjYzIiwiX3Nlc3Npb25fZXhwaXJ5IjowfQ==", "expire_date": "2019-09-22T19:15:06.460Z"}}, {"model": "sessions.session", "pk": "yowblud98y2nysiht8qtgpt46vukek9y", "fields": {"session_data": "NWVjOWVhNTU2NmE1MTExODk3NjUxMTIyM2U3ZjlmZGQwMzkyNWM2ZDp7Il9hdXRoX3VzZXJfaWQiOiIxIiwiX2F1dGhfdXNlcl9iYWNrZW5kIjoiZGphbmdvLmNvbnRyaWIuYXV0aC5iYWNrZW5kcy5Nb2RlbEJhY2tlbmQiLCJfYXV0aF91c2VyX2hhc2giOiI3NGE4MzlmMWY4ZDRiZmQxMGJmZjg5ZDQ4M2YzYWFlMWJlOTgwNjYzIiwiX3Nlc3Npb25fZXhwaXJ5IjowfQ==", "expire_date": "2019-09-12T12:24:03.307Z"}}, {"model": "sessions.session", "pk": "yyfmcghhmmzupl4w35mjvpmuzsewf9w2", "fields": {"session_data": "NWVjOWVhNTU2NmE1MTExODk3NjUxMTIyM2U3ZjlmZGQwMzkyNWM2ZDp7Il9hdXRoX3VzZXJfaWQiOiIxIiwiX2F1dGhfdXNlcl9iYWNrZW5kIjoiZGphbmdvLmNvbnRyaWIuYXV0aC5iYWNrZW5kcy5Nb2RlbEJhY2tlbmQiLCJfYXV0aF91c2VyX2hhc2giOiI3NGE4MzlmMWY4ZDRiZmQxMGJmZjg5ZDQ4M2YzYWFlMWJlOTgwNjYzIiwiX3Nlc3Npb25fZXhwaXJ5IjowfQ==", "expire_date": "2019-10-04T12:23:30.326Z"}}, {"model": "sessions.session", "pk": "zrf290jozn9motc3lsqc1m15d4r58h0m", "fields": {"session_data": "NGFjZjNmNWVlZTM0Y2Y3ZjFkY2NhYTIwYzgwNzk2NWIwYTM3MTlmNTp7Il9hdXRoX3VzZXJfaWQiOiI3IiwiX2F1dGhfdXNlcl9iYWNrZW5kIjoiZGphbmdvLmNvbnRyaWIuYXV0aC5iYWNrZW5kcy5Nb2RlbEJhY2tlbmQiLCJfYXV0aF91c2VyX2hhc2giOiI3OWQ2ZGRmZWZmODQxYmYzZTkxZmFlNzJiM2NhMDQwNWUzZWNjZGFiIiwiX3Nlc3Npb25fZXhwaXJ5IjowfQ==", "expire_date": "2019-10-06T10:52:08.107Z"}}, {"model": "sites.site", "pk": 1, "fields": {"domain": "example.com", "name": "example.com"}}, {"model": "book.book", "pk": 9, "fields": {"title": "homer", "work_author": "rax", "cover": "Download.jpg", "discount_price": 5.0, "price": 9.0, "category": "S", "sticker": "D", "slug": "none", "publish_date": "2019-09-07T22:50:02Z", "description": "nope", "bestseller": false, "notbestseller": true, "longbook": false, "shortbook": true, "worldwide_appreciated": false, "underground_appreciation": true}}, {"model": "book.book", "pk": 10, "fields": {"title": "Beowulf: An Anglo-Saxon Epic Poem", "work_author": "J. Lesslie Hall", "cover": "beowulf.jpg", "discount_price": 21.0, "price": 30.0, "category": "P", "sticker": "I", "slug": "anglo-saxon", "publish_date": "1815-09-08T17:11:32Z", "description": "Beowulf (/\u02c8be\u026a\u0259w\u028alf/;[2] Old English: B\u0113owulf  [\u02c8be\u02d0owulf]) is an Old English epic poem consisting of 3,182 alliterative lines. It is one of the most important works of Old English literature. The date of composition is a matter of contention among scholars; the only certain dating pertains to the manuscript, which was produced between 975 and 1025.[3] The author was an anonymous Anglo-Saxon poet, referred to by scholars as the \"Beowulf poet\".\r\n\r\nThe story is set in Scandinavia. Beowulf, a hero of the Geats, comes to the aid of Hrothgar, the king of the Danes, whose mead hall in Heorot has been under attack by a monster known as Grendel. After Beowulf slays him, Grendel's mother attacks the hall and is then also defeated. Victorious, Beowulf goes home to Geatland (G\u00f6taland in modern Sweden) and later becomes king of the Geats. After a period of fifty years has passed, Beowulf defeats a dragon, but is mortally wounded in the battle. After his death, his attendants cremate his body and erect a tower on a headland in his memory.\r\n\r\nThe full story survives in the manuscript known as the Nowell Codex. It has no title in the original manuscript, but has become known by the name of the story's protagonist.[5] In 1731, the manuscript was badly damaged by a fire that swept through Ashburnham House in London that had a collection of medieval manuscripts assembled by Sir Robert Bruce Cotton.[6] The Nowell Codex is housed in the British Library.", "bestseller": true, "notbestseller": false, "longbook": true, "shortbook": false, "worldwide_appreciated": true, "underground_appreciation": false}}, {"model": "book.book", "pk": 11, "fields": {"title": "Pride and Prejudice", "work_author": "Jane Austen", "cover": "Pride_and_Prejudice.jpg", "discount_price": null, "price": 20.0, "category": "RO", "sticker": "I", "slug": "honey", "publish_date": "1813-01-28T17:15:01Z", "description": "Pride and Prejudice is an 1813 romantic novel of manners written by Jane Austen. The novel follows the character development of Elizabeth Bennet, the dynamic protagonist of the book, who learns about the repercussions of hasty judgments and eventually comes to appreciate the difference between superficial goodness and actual goodness. A classic piece filled with comedy, its humor lies in its honest depiction of manners, education, marriage and money during the Regency era in Great Britain.\r\n\r\nMr. Bennet of Longbourn estate has five daughters, but because his property is entailed it can only be passed from male heir to male heir. Consequently, Mr. Bennet's family will be destitute upon his death. Because his wife also lacks an inheritance, it is imperative that at least one of the girls marry well to support the others upon his death, which is a motivation that drives the plot. Jane Austen's opening line--\"It is a truth universally acknowledged, that a single man in possession of a good fortune, must be in want of a wife\"-- is a sentence filled with irony and sets the tone for the book. The novel revolves around the importance of marrying for love, not simply for economic gain or social prestige, despite the communal pressure to make a good (i.e., wealthy) match.\r\n\r\nPride and Prejudice has delighted readers for years, consistently appearing near the top of lists of \"most-loved books\" among literary scholars and the reading public. It has become one of the most popular novels in English literature with over 20 million copies sold and has inspired many derivatives that abound in modern literature.[1][2] For more than a century, amateur and professional dramatic adaptations, reprints, unofficial sequels, films, and TV versions of Pride and Prejudice have portrayed the memorable characters and themes of the novel, reaching mass audiences.[3] The 2005 film Pride & Prejudice, starring Keira Knightley and Matthew Macfadyen, is the most recent film adaptation that closely represents the book, with the 2016 action, comedy, and horror spin-off Pride and Prejudice and Zombies being the most recent Hollywood film adaptation.", "bestseller": true, "notbestseller": false, "longbook": true, "shortbook": false, "worldwide_appreciated": true, "underground_appreciation": false}}, {"model": "book.book", "pk": 12, "fields": {"title": "Frankenstein", "work_author": "Mary Wollstonecraft Shelley", "cover": "Frankenstein.jpg", "discount_price": 25.0, "price": 35.0, "category": "ST", "sticker": "P", "slug": "scarry", "publish_date": "1018-01-01T17:20:30Z", "description": "Frankenstein; or, The Modern Prometheus is a novel written by English author Mary Shelley (1797\u20131851) that tells the story of Victor Frankenstein, a young scientist who creates a hideous sapient creature in an unorthodox scientific experiment. Shelley started writing the story when she was 18, and the first edition was published anonymously in London on 1 January 1818, when she was 20.[2] Her name first appeared on the second edition, published in 1823.\r\n\r\nShelley travelled through Europe in 1814, journeying along the river Rhine in Germany with a stop in Gernsheim, 17 kilometres (11 mi) away from Frankenstein Castle, where, two centuries before, an alchemist engaged in experiments.[3][4][5] Later, she travelled in the region of Geneva, Switzerland, where much of the story takes place. The topic of galvanism and occult ideas were themes of conversation among her companions, particularly her lover and future husband Percy B. Shelley. Mary, Percy and Lord Byron had a competition to see who could write the best horror story. After thinking for days, Shelley dreamt about a scientist who created life and was horrified by what he had made, inspiring the novel.[6]\r\n\r\nFrankenstein is infused with elements of the Gothic novel and the Romantic movement. Brian Aldiss has argued that it should be considered the first true science fiction story because, in contrast to previous stories with fantastical elements resembling those of later science fiction, the central character \"makes a deliberate decision\" and \"turns to modern experiments in the laboratory\" to achieve fantastic results.[7] It has had a considerable influence in literature and popular culture and spawned a complete genre of horror stories, films and plays.\r\n\r\nSince the novel's publication, the name \"Frankenstein\" has often been used to refer to the monster itself.[8][9][10] In the novel, Frankenstein's creation is identified by words such as \"creature\", \"monster\", \"daemon\", \"wretch\", \"abortion\", \"fiend\" and \"it\". Speaking to Victor Frankenstein, the monster says \"I ought to be thy Adam, but I am rather the fallen angel\" (which ties to Lucifer in Paradise Lost, which the monster reads, and which relates to the disobedience of Prometheus in the book's subtitle).", "bestseller": true, "notbestseller": false, "longbook": true, "shortbook": false, "worldwide_appreciated": true, "underground_appreciation": true}}, {"model": "book.book", "pk": 13, "fields": {"title": "Grimms' Fairy Tales", "work_author": "Jakob and Wilhelm Grimm", "cover": "Grimms_kinder_und_hausm\u00e4rchen.jpg", "discount_price": 15.0, "price": 60.0, "category": "FT", "sticker": "D", "slug": "kinder", "publish_date": "1812-09-08T17:26:06Z", "description": "Grimms' Fairy Tales, originally known as the Children's and Household Tales (German: Kinder- und Hausm\u00e4rchen, pronounced [\u02cck\u026and\u0250 \u0294\u028ant \u02c8ha\u028asm\u025b\u02d0\u0250\u032f\u00e7\u0259n]), is a collection of fairy tales by the Grimm brothers or \"Brothers Grimm\", Jakob and Wilhelm, first published on 20 December 1812. The first edition contained 86 stories, and by the seventh edition in 1857, had 211 unique fairy tales.", "bestseller": true, "notbestseller": false, "longbook": false, "shortbook": true, "worldwide_appreciated": true, "underground_appreciation": false}}, {"model": "book.book", "pk": 14, "fields": {"title": "Siddhartha", "work_author": "Hermann Hesse", "cover": "Siddhartha.jpg", "discount_price": 0.0, "price": 40.0, "category": "HI", "sticker": "S", "slug": "philosophy", "publish_date": "1922-09-08T17:29:12Z", "description": "Siddhartha is a novel by Hermann Hesse that deals with the spiritual journey of self-discovery of a man named Siddhartha during the time of the Gautama Buddha. The book, Hesse's ninth novel, was written in German, in a simple, lyrical style. It was published in the U.S. in 1951 and became influential during the 1960s. Hesse dedicated the first part of it to Romain Rolland[1] and the second part to Wilhelm Gundert, his cousin.\r\n\r\nThe word Siddhartha is made up of two words in Sanskrit language, siddha (achieved) + artha (what was searched for), which together means \"he who has found meaning (of existence)\" or \"he who has attained his goals\".[2] In fact, the Buddha's own name, before his renunciation, was Siddhartha Gautama, Prince of Kapilavastu. In this book, the Buddha is referred to as \"Gotama\"", "bestseller": true, "notbestseller": false, "longbook": false, "shortbook": true, "worldwide_appreciated": false, "underground_appreciation": true}}, {"model": "book.book", "pk": 15, "fields": {"title": "Don Quixote", "work_author": "Miguel de Cervantes Saavedra", "cover": "El_ingenioso_hidalgo_don_Quijote_de_la_Mancha_iEYjn7A.jpg", "discount_price": 50.0, "price": 55.0, "category": "AA", "sticker": "Se", "slug": "sancho", "publish_date": "1605-09-08T17:34:21Z", "description": "The Ingenious Gentleman Don Quixote of La Mancha (Modern Spanish: El ingenioso hidalgo Don Quijote de la Mancha, pronounced [el i\u014bxe\u02c8njoso i\u02c8\u00f0al\u0263o \u00f0o\u014b ki\u02c8xote \u00f0e la \u02c8mant\u0283a]), or just Don Quixote (/\u02ccd\u0252n ki\u02d0\u02c8ho\u028ati/, US: /-te\u026a/,[1] Spanish: [do\u014b ki\u02c8xote] (About this soundlisten)), is a Spanish novel by Miguel de Cervantes. Published in two parts, in 1605 and 1615, Don Quixote is the most influential work of literature from the Spanish Golden Age and the entire Spanish literary canon. A founding work of Western literature, it is often labeled \"the first modern novel\"[2] and is sometimes considered the best literary work ever written.[3][4]\r\n\r\nThe plot revolves around the adventures of a noble (hidalgo) from La Mancha named Alonso Quixano, who reads so many chivalric romances that he loses his mind and decides to become a knight-errant (caballero andante) to revive chivalry and serve his nation, under the name Don Quixote de la Mancha. He recruits a simple farmer, Sancho Panza, as his squire, who often employs a unique, earthy wit in dealing with Don Quixote's rhetorical monologues on knighthood, already considered old-fashioned at the time. Don Quixote, in the first part of the book, does not see the world for what it is and prefers to imagine that he is living out a knightly story.\r\n\r\nThe book had a major influence on the literary community, as evidenced by direct references in Alexandre Dumas' The Three Musketeers (1844), Mark Twain's Adventures of Huckleberry Finn (1884), and Edmond Rostand's Cyrano de Bergerac (1897), as well as the word quixotic and the epithet Lothario; the latter refers to a character in \"El curioso impertinente\" (\"The Impertinently Curious Man\"), an intercalated story that appears in Part One, chapters 33\u201335. The 19th-century German philosopher Arthur Schopenhauer cited Don Quixote as one of the four greatest novels ever written, along with Tristram Shandy, La Nouvelle H\u00e9lo\u00efse, and Wilhelm Meisters Lehrjahre.[5]\r\n\r\nWhen first published, Don Quixote was usually interpreted as a comic novel. After the French Revolution, it was better known for its central ethic that individuals can be right while society is quite wrong and seen as disenchanting. In the 19th century, it was seen as a social commentary, but no one could easily tell \"whose side Cervantes was on\". Many critics came to view the work as a tragedy in which Don Quixote's idealism and nobility are viewed by the post-chivalric world as insane, and are defeated and rendered useless by common reality. By the 20th century, the novel had come to occupy a canonical space as one of the foundations of modern literature.", "bestseller": true, "notbestseller": false, "longbook": true, "shortbook": false, "worldwide_appreciated": true, "underground_appreciation": false}}, {"model": "book.book", "pk": 16, "fields": {"title": "The Kama Sutra", "work_author": "Vatsyayana by Vatsyayana", "cover": "kamasutra.jpg", "discount_price": 25.0, "price": 45.0, "category": "BA", "sticker": "W", "slug": "sex", "publish_date": "2019-09-08T17:42:53Z", "description": "The Kama Sutra (/\u02c8k\u0251\u02d0m\u0259 \u02c8su\u02d0tr\u0259/; Sanskrit: \u0915\u093e\u092e\u0938\u0942\u0924\u094d\u0930, About this soundpronunciation (help\u00b7info), K\u0101mas\u016btra) is an ancient Indian Sanskrit text on sexuality, eroticism and emotional fulfillment in life.[1][2][3] Attributed to V\u0101tsy\u0101yana,[4] the Kama Sutra is neither exclusively nor predominantly a sex manual on sex positions,[1][5] but written as a guide to the \"art-of-living\" well, the nature of love, finding a life partner, maintaining one's love life, and other aspects pertaining to pleasure-oriented faculties of human life.[1][6][7]\r\n\r\nKamasutra is the oldest surviving Hindu text on erotic love.[8] It is a sutra-genre text with terse aphoristic verses that have survived into the modern era with different bhasya (exposition and commentaries). The text is a mix of prose and anustubh-meter poetry verses. The text acknowledges the Hindu concept of Purusharthas, and lists desire, sexuality, and emotional fulfillment as one of the proper goals of life. Its chapters discuss methods for courtship, training in the arts to be socially engaging, finding a partner, flirting, maintaining power in a married life, when and how to commit adultery, sexual positions, and other topics.[9] The majority of the book is about the philosophy and theory of love, what triggers desire, what sustains it, and how and when it is good or bad.[10][11]\r\n\r\nThe text is one of many Indian texts on Kama Shastra.[12] It is a much-translated work in Indian and non-Indian languages. The Kamasutra has influenced many secondary texts that followed after the 4th-century CE, as well as the Indian arts as exemplified by the pervasive presence Kama-related reliefs and sculpture in old Hindu temples. Of these, the Khajuraho in Madhya Pradesh is a UNESCO world heritage site.[13] Among the surviving temples in north India, one in Rajasthan sculpts all the major chapters and sexual positions to illustrate the Kamasutra.[14] According to Wendy Doniger, the Kamasutra became \"one of the most pirated books in English language\" soon after it was published in 1883 by Richard Burton. This first European edition by Burton does not faithfully reflect much in the Kamasutra because he revised the collaborative translation by Bhagavanlal Indrajit and Shivaram Parashuram Bhide with Forster Arbuthnot to suit 19th-century Victorian tastes", "bestseller": true, "notbestseller": false, "longbook": false, "shortbook": true, "worldwide_appreciated": true, "underground_appreciation": true}}, {"model": "auth.permission", "pk": 1, "fields": {"name": "Can add log entry", "content_type": 1, "codename": "add_logentry"}}, {"model": "auth.permission", "pk": 2, "fields": {"name": "Can change log entry", "content_type": 1, "codename": "change_logentry"}}, {"model": "auth.permission", "pk": 3, "fields": {"name": "Can delete log entry", "content_type": 1, "codename": "delete_logentry"}}, {"model": "auth.permission", "pk": 4, "fields": {"name": "Can view log entry", "content_type": 1, "codename": "view_logentry"}}, {"model": "auth.permission", "pk": 5, "fields": {"name": "Can add permission", "content_type": 2, "codename": "add_permission"}}, {"model": "auth.permission", "pk": 6, "fields": {"name": "Can change permission", "content_type": 2, "codename": "change_permission"}}, {"model": "auth.permission", "pk": 7, "fields": {"name": "Can delete permission", "content_type": 2, "codename": "delete_permission"}}, {"model": "auth.permission", "pk": 8, "fields": {"name": "Can view permission", "content_type": 2, "codename": "view_permission"}}, {"model": "auth.permission", "pk": 9, "fields": {"name": "Can add group", "content_type": 3, "codename": "add_group"}}, {"model": "auth.permission", "pk": 10, "fields": {"name": "Can change group", "content_type": 3, "codename": "change_group"}}, {"model": "auth.permission", "pk": 11, "fields": {"name": "Can delete group", "content_type": 3, "codename": "delete_group"}}, {"model": "auth.permission", "pk": 12, "fields": {"name": "Can view group", "content_type": 3, "codename": "view_group"}}, {"model": "auth.permission", "pk": 13, "fields": {"name": "Can add user", "content_type": 4, "codename": "add_user"}}, {"model": "auth.permission", "pk": 14, "fields": {"name": "Can change user", "content_type": 4, "codename": "change_user"}}, {"model": "auth.permission", "pk": 15, "fields": {"name": "Can delete user", "content_type": 4, "codename": "delete_user"}}, {"model": "auth.permission", "pk": 16, "fields": {"name": "Can view user", "content_type": 4, "codename": "view_user"}}, {"model": "auth.permission", "pk": 17, "fields": {"name": "Can add content type", "content_type": 5, "codename": "add_contenttype"}}, {"model": "auth.permission", "pk": 18, "fields": {"name": "Can change content type", "content_type": 5, "codename": "change_contenttype"}}, {"model": "auth.permission", "pk": 19, "fields": {"name": "Can delete content type", "content_type": 5, "codename": "delete_contenttype"}}, {"model": "auth.permission", "pk": 20, "fields": {"name": "Can view content type", "content_type": 5, "codename": "view_contenttype"}}, {"model": "auth.permission", "pk": 21, "fields": {"name": "Can add session", "content_type": 6, "codename": "add_session"}}, {"model": "auth.permission", "pk": 22, "fields": {"name": "Can change session", "content_type": 6, "codename": "change_session"}}, {"model": "auth.permission", "pk": 23, "fields": {"name": "Can delete session", "content_type": 6, "codename": "delete_session"}}, {"model": "auth.permission", "pk": 24, "fields": {"name": "Can view session", "content_type": 6, "codename": "view_session"}}, {"model": "auth.permission", "pk": 25, "fields": {"name": "Can add site", "content_type": 7, "codename": "add_site"}}, {"model": "auth.permission", "pk": 26, "fields": {"name": "Can change site", "content_type": 7, "codename": "change_site"}}, {"model": "auth.permission", "pk": 27, "fields": {"name": "Can delete site", "content_type": 7, "codename": "delete_site"}}, {"model": "auth.permission", "pk": 28, "fields": {"name": "Can view site", "content_type": 7, "codename": "view_site"}}, {"model": "auth.permission", "pk": 29, "fields": {"name": "Can add email address", "content_type": 8, "codename": "add_emailaddress"}}, {"model": "auth.permission", "pk": 30, "fields": {"name": "Can change email address", "content_type": 8, "codename": "change_emailaddress"}}, {"model": "auth.permission", "pk": 31, "fields": {"name": "Can delete email address", "content_type": 8, "codename": "delete_emailaddress"}}, {"model": "auth.permission", "pk": 32, "fields": {"name": "Can view email address", "content_type": 8, "codename": "view_emailaddress"}}, {"model": "auth.permission", "pk": 33, "fields": {"name": "Can add email confirmation", "content_type": 9, "codename": "add_emailconfirmation"}}, {"model": "auth.permission", "pk": 34, "fields": {"name": "Can change email confirmation", "content_type": 9, "codename": "change_emailconfirmation"}}, {"model": "auth.permission", "pk": 35, "fields": {"name": "Can delete email confirmation", "content_type": 9, "codename": "delete_emailconfirmation"}}, {"model": "auth.permission", "pk": 36, "fields": {"name": "Can view email confirmation", "content_type": 9, "codename": "view_emailconfirmation"}}, {"model": "auth.permission", "pk": 37, "fields": {"name": "Can add social account", "content_type": 10, "codename": "add_socialaccount"}}, {"model": "auth.permission", "pk": 38, "fields": {"name": "Can change social account", "content_type": 10, "codename": "change_socialaccount"}}, {"model": "auth.permission", "pk": 39, "fields": {"name": "Can delete social account", "content_type": 10, "codename": "delete_socialaccount"}}, {"model": "auth.permission", "pk": 40, "fields": {"name": "Can view social account", "content_type": 10, "codename": "view_socialaccount"}}, {"model": "auth.permission", "pk": 41, "fields": {"name": "Can add social application", "content_type": 11, "codename": "add_socialapp"}}, {"model": "auth.permission", "pk": 42, "fields": {"name": "Can change social application", "content_type": 11, "codename": "change_socialapp"}}, {"model": "auth.permission", "pk": 43, "fields": {"name": "Can delete social application", "content_type": 11, "codename": "delete_socialapp"}}, {"model": "auth.permission", "pk": 44, "fields": {"name": "Can view social application", "content_type": 11, "codename": "view_socialapp"}}, {"model": "auth.permission", "pk": 45, "fields": {"name": "Can add social application token", "content_type": 12, "codename": "add_socialtoken"}}, {"model": "auth.permission", "pk": 46, "fields": {"name": "Can change social application token", "content_type": 12, "codename": "change_socialtoken"}}, {"model": "auth.permission", "pk": 47, "fields": {"name": "Can delete social application token", "content_type": 12, "codename": "delete_socialtoken"}}, {"model": "auth.permission", "pk": 48, "fields": {"name": "Can view social application token", "content_type": 12, "codename": "view_socialtoken"}}, {"model": "auth.permission", "pk": 49, "fields": {"name": "Can add order", "content_type": 13, "codename": "add_order"}}, {"model": "auth.permission", "pk": 50, "fields": {"name": "Can change order", "content_type": 13, "codename": "change_order"}}, {"model": "auth.permission", "pk": 51, "fields": {"name": "Can delete order", "content_type": 13, "codename": "delete_order"}}, {"model": "auth.permission", "pk": 52, "fields": {"name": "Can view order", "content_type": 13, "codename": "view_order"}}, {"model": "auth.permission", "pk": 53, "fields": {"name": "Can add order item", "content_type": 14, "codename": "add_orderitem"}}, {"model": "auth.permission", "pk": 54, "fields": {"name": "Can change order item", "content_type": 14, "codename": "change_orderitem"}}, {"model": "auth.permission", "pk": 55, "fields": {"name": "Can delete order item", "content_type": 14, "codename": "delete_orderitem"}}, {"model": "auth.permission", "pk": 56, "fields": {"name": "Can view order item", "content_type": 14, "codename": "view_orderitem"}}, {"model": "auth.permission", "pk": 57, "fields": {"name": "Can add book item", "content_type": 15, "codename": "add_bookitem"}}, {"model": "auth.permission", "pk": 58, "fields": {"name": "Can change book item", "content_type": 15, "codename": "change_bookitem"}}, {"model": "auth.permission", "pk": 59, "fields": {"name": "Can delete book item", "content_type": 15, "codename": "delete_bookitem"}}, {"model": "auth.permission", "pk": 60, "fields": {"name": "Can view book item", "content_type": 15, "codename": "view_bookitem"}}, {"model": "auth.permission", "pk": 61, "fields": {"name": "Can add item", "content_type": 15, "codename": "add_item"}}, {"model": "auth.permission", "pk": 62, "fields": {"name": "Can change item", "content_type": 15, "codename": "change_item"}}, {"model": "auth.permission", "pk": 63, "fields": {"name": "Can delete item", "content_type": 15, "codename": "delete_item"}}, {"model": "auth.permission", "pk": 64, "fields": {"name": "Can view item", "content_type": 15, "codename": "view_item"}}, {"model": "auth.permission", "pk": 65, "fields": {"name": "Can add book", "content_type": 15, "codename": "add_book"}}, {"model": "auth.permission", "pk": 66, "fields": {"name": "Can change book", "content_type": 15, "codename": "change_book"}}, {"model": "auth.permission", "pk": 67, "fields": {"name": "Can delete book", "content_type": 15, "codename": "delete_book"}}, {"model": "auth.permission", "pk": 68, "fields": {"name": "Can view book", "content_type": 15, "codename": "view_book"}}, {"model": "auth.permission", "pk": 69, "fields": {"name": "Can add billing address", "content_type": 16, "codename": "add_billingaddress"}}, {"model": "auth.permission", "pk": 70, "fields": {"name": "Can change billing address", "content_type": 16, "codename": "change_billingaddress"}}, {"model": "auth.permission", "pk": 71, "fields": {"name": "Can delete billing address", "content_type": 16, "codename": "delete_billingaddress"}}, {"model": "auth.permission", "pk": 72, "fields": {"name": "Can view billing address", "content_type": 16, "codename": "view_billingaddress"}}, {"model": "auth.permission", "pk": 73, "fields": {"name": "Can add save customer address", "content_type": 16, "codename": "add_savecustomeraddress"}}, {"model": "auth.permission", "pk": 74, "fields": {"name": "Can change save customer address", "content_type": 16, "codename": "change_savecustomeraddress"}}, {"model": "auth.permission", "pk": 75, "fields": {"name": "Can delete save customer address", "content_type": 16, "codename": "delete_savecustomeraddress"}}, {"model": "auth.permission", "pk": 76, "fields": {"name": "Can view save customer address", "content_type": 16, "codename": "view_savecustomeraddress"}}, {"model": "auth.permission", "pk": 77, "fields": {"name": "Can add payment", "content_type": 17, "codename": "add_payment"}}, {"model": "auth.permission", "pk": 78, "fields": {"name": "Can change payment", "content_type": 17, "codename": "change_payment"}}, {"model": "auth.permission", "pk": 79, "fields": {"name": "Can delete payment", "content_type": 17, "codename": "delete_payment"}}, {"model": "auth.permission", "pk": 80, "fields": {"name": "Can view payment", "content_type": 17, "codename": "view_payment"}}, {"model": "auth.permission", "pk": 81, "fields": {"name": "Can add author", "content_type": 18, "codename": "add_author"}}, {"model": "auth.permission", "pk": 82, "fields": {"name": "Can change author", "content_type": 18, "codename": "change_author"}}, {"model": "auth.permission", "pk": 83, "fields": {"name": "Can delete author", "content_type": 18, "codename": "delete_author"}}, {"model": "auth.permission", "pk": 84, "fields": {"name": "Can view author", "content_type": 18, "codename": "view_author"}}, {"model": "auth.permission", "pk": 85, "fields": {"name": "Can add category", "content_type": 19, "codename": "add_category"}}, {"model": "auth.permission", "pk": 86, "fields": {"name": "Can change category", "content_type": 19, "codename": "change_category"}}, {"model": "auth.permission", "pk": 87, "fields": {"name": "Can delete category", "content_type": 19, "codename": "delete_category"}}, {"model": "auth.permission", "pk": 88, "fields": {"name": "Can view category", "content_type": 19, "codename": "view_category"}}, {"model": "auth.permission", "pk": 89, "fields": {"name": "Can add po", "content_type": 20, "codename": "add_po"}}, {"model": "auth.permission", "pk": 90, "fields": {"name": "Can change po", "content_type": 20, "codename": "change_po"}}, {"model": "auth.permission", "pk": 91, "fields": {"name": "Can delete po", "content_type": 20, "codename": "delete_po"}}, {"model": "auth.permission", "pk": 92, "fields": {"name": "Can view po", "content_type": 20, "codename": "view_po"}}, {"model": "auth.user", "pk": 1, "fields": {"password": "pbkdf2_sha256$150000$3wZbzcXtdFRv$Mgkw0Kxy3KRsd4R2bJbMNLKDWiS7yXrLNu+awFOGWkI=", "last_login": "2019-09-21T20:08:14.217Z", "is_superuser": true, "username": "admin", "first_name": "", "last_name": "", "email": "", "is_staff": true, "is_active": true, "date_joined": "2019-08-29T11:55:24.972Z", "groups": [], "user_permissions": []}}, {"model": "auth.user", "pk": 2, "fields": {"password": "pbkdf2_sha256$150000$L7UF20oGg61b$NhiHRPEJ1COiV9Dmq5faDFcN5dB94ViGym7EF8aSr5k=", "last_login": "2019-09-01T15:31:04.664Z", "is_superuser": false, "username": "tudor", "first_name": "", "last_name": "", "email": "", "is_staff": false, "is_active": true, "date_joined": "2019-09-01T15:31:04.398Z", "groups": [], "user_permissions": []}}, {"model": "auth.user", "pk": 3, "fields": {"password": "pbkdf2_sha256$150000$Lmmknc7iT7gR$q+tAyUK4Y7nJdtemMS6YHYwU0grl+OdZykmCxyVJHXE=", "last_login": "2019-09-19T11:21:57.573Z", "is_superuser": false, "username": "mama", "first_name": "", "last_name": "", "email": "tudorpascu787@gmail.com", "is_staff": false, "is_active": true, "date_joined": "2019-09-07T23:04:55.793Z", "groups": [], "user_permissions": []}}, {"model": "auth.user", "pk": 4, "fields": {"password": "pbkdf2_sha256$150000$ucLIMKPkJzUH$uOnTdRqEuvBV3mIrVMRsVQejhLMI5ELyO06cSXk3Xuo=", "last_login": "2019-09-08T00:16:32.962Z", "is_superuser": false, "username": "zeit", "first_name": "", "last_name": "", "email": "othdur@gmail.com", "is_staff": false, "is_active": true, "date_joined": "2019-09-08T00:16:32.749Z", "groups": [], "user_permissions": []}}, {"model": "auth.user", "pk": 5, "fields": {"password": "pbkdf2_sha256$150000$97OHCjFR4iHx$dt7uGMX1/SFkqPGlwWppzDiOeotLR8IdOoycrRyysKg=", "last_login": "2019-09-14T14:17:57.296Z", "is_superuser": false, "username": "architekt", "first_name": "", "last_name": "", "email": "tt@tt.com", "is_staff": false, "is_active": true, "date_joined": "2019-09-13T13:47:18.677Z", "groups": [], "user_permissions": []}}, {"model": "auth.user", "pk": 6, "fields": {"password": "pbkdf2_sha256$150000$XRV82qy9LF8d$lJMYmMpR2X/PMeGT8NFTJYvUoaWwcak6ofOa4bsAMvo=", "last_login": "2019-09-18T11:13:30.741Z", "is_superuser": false, "username": "schuler", "first_name": "", "last_name": "", "email": "tudorg@google.com", "is_staff": false, "is_active": true, "date_joined": "2019-09-18T11:13:28.972Z", "groups": [], "user_permissions": []}}, {"model": "auth.user", "pk": 7, "fields": {"password": "pbkdf2_sha256$150000$O0WjawNTu4IO$J4flqYuFZPzcmstPyaP5wyvW1arsf9QHe0l/W3hGmFE=", "last_login": "2019-09-22T10:52:08.103Z", "is_superuser": true, "username": "ggarciab", "first_name": "", "last_name": "", "email": "", "is_staff": true, "is_active": true, "date_joined": "2019-09-22T10:51:32.141Z", "groups": [], "user_permissions": []}}, {"model": "account.emailaddress", "pk": 1, "fields": {"user": 3, "email": "tudorpascu787@gmail.com", "verified": false, "primary": true}}, {"model": "account.emailaddress", "pk": 2, "fields": {"user": 4, "email": "othdur@gmail.com", "verified": false, "primary": true}}, {"model": "account.emailaddress", "pk": 3, "fields": {"user": 5, "email": "tt@tt.com", "verified": false, "primary": true}}, {"model": "account.emailaddress", "pk": 4, "fields": {"user": 6, "email": "tudorg@google.com", "verified": false, "primary": true}}, {"model": "book.orderitem", "pk": 29, "fields": {"user": 2, "ordered": false, "item": 9, "quantity": 0}}, {"model": "book.orderitem", "pk": 30, "fields": {"user": 2, "ordered": false, "item": 10, "quantity": 6}}, {"model": "book.orderitem", "pk": 31, "fields": {"user": 2, "ordered": false, "item": 12, "quantity": 1}}, {"model": "book.orderitem", "pk": 32, "fields": {"user": 2, "ordered": false, "item": 11, "quantity": 3}}, {"model": "book.orderitem", "pk": 33, "fields": {"user": 2, "ordered": false, "item": 16, "quantity": 1}}, {"model": "book.orderitem", "pk": 34, "fields": {"user": 2, "ordered": false, "item": 14, "quantity": 1}}, {"model": "book.orderitem", "pk": 35, "fields": {"user": 2, "ordered": false, "item": 14, "quantity": 1}}, {"model": "book.orderitem", "pk": 36, "fields": {"user": 2, "ordered": false, "item": 15, "quantity": 0}}, {"model": "book.orderitem", "pk": 37, "fields": {"user": 2, "ordered": false, "item": 11, "quantity": 1}}, {"model": "book.orderitem", "pk": 38, "fields": {"user": 2, "ordered": false, "item": 14, "quantity": 1}}, {"model": "book.orderitem", "pk": 39, "fields": {"user": 2, "ordered": false, "item": 13, "quantity": 1}}, {"model": "book.orderitem", "pk": 40, "fields": {"user": 2, "ordered": false, "item": 10, "quantity": 1}}, {"model": "book.orderitem", "pk": 41, "fields": {"user": 2, "ordered": false, "item": 12, "quantity": 1}}, {"model": "book.orderitem", "pk": 42, "fields": {"user": 2, "ordered": false, "item": 9, "quantity": 1}}, {"model": "book.orderitem", "pk": 43, "fields": {"user": 2, "ordered": false, "item": 11, "quantity": 1}}, {"model": "book.orderitem", "pk": 44, "fields": {"user": 2, "ordered": false, "item": 13, "quantity": 1}}, {"model": "book.orderitem", "pk": 45, "fields": {"user": 2, "ordered": false, "item": 14, "quantity": 1}}, {"model": "book.orderitem", "pk": 46, "fields": {"user": 2, "ordered": false, "item": 15, "quantity": 1}}, {"model": "book.orderitem", "pk": 47, "fields": {"user": 2, "ordered": false, "item": 16, "quantity": 1}}, {"model": "book.orderitem", "pk": 48, "fields": {"user": 2, "ordered": false, "item": 11, "quantity": 1}}, {"model": "book.orderitem", "pk": 49, "fields": {"user": 2, "ordered": false, "item": 10, "quantity": 1}}, {"model": "book.orderitem", "pk": 50, "fields": {"user": 2, "ordered": false, "item": 9, "quantity": 1}}, {"model": "book.orderitem", "pk": 51, "fields": {"user": 2, "ordered": false, "item": 10, "quantity": 1}}, {"model": "book.orderitem", "pk": 52, "fields": {"user": 2, "ordered": false, "item": 11, "quantity": 1}}, {"model": "book.orderitem", "pk": 53, "fields": {"user": 1, "ordered": true, "item": 14, "quantity": 1}}, {"model": "book.orderitem", "pk": 54, "fields": {"user": 1, "ordered": true, "item": 10, "quantity": 1}}, {"model": "book.orderitem", "pk": 55, "fields": {"user": 1, "ordered": true, "item": 10, "quantity": 5}}, {"model": "book.orderitem", "pk": 56, "fields": {"user": 1, "ordered": true, "item": 12, "quantity": 1}}, {"model": "book.order", "pk": 1, "fields": {"user": 1, "start_date": "2019-08-31T19:39:37.489Z", "ordered_date": "2019-08-31T19:39:37Z", "ordered": true, "billing_address": 52, "payment": 1, "items": [31]}}, {"model": "book.order", "pk": 2, "fields": {"user": 2, "start_date": "2019-09-01T18:00:49.364Z", "ordered_date": "2019-09-01T18:00:49.364Z", "ordered": false, "billing_address": null, "payment": null, "items": []}}, {"model": "book.order", "pk": 3, "fields": {"user": 1, "start_date": "2019-09-08T20:20:48.330Z", "ordered_date": "2019-09-08T20:20:48.330Z", "ordered": true, "billing_address": 54, "payment": 2, "items": [30]}}, {"model": "book.order", "pk": 4, "fields": {"user": 1, "start_date": "2019-09-08T20:47:19.736Z", "ordered_date": "2019-09-08T20:47:19.736Z", "ordered": true, "billing_address": 55, "payment": 3, "items": [32]}}, {"model": "book.order", "pk": 5, "fields": {"user": 1, "start_date": "2019-09-08T21:19:59.118Z", "ordered_date": "2019-09-08T21:19:59.117Z", "ordered": true, "billing_address": 57, "payment": 4, "items": [32]}}, {"model": "book.order", "pk": 6, "fields": {"user": 1, "start_date": "2019-09-08T21:47:23.540Z", "ordered_date": "2019-09-08T21:47:23.540Z", "ordered": true, "billing_address": 62, "payment": 5, "items": [32]}}, {"model": "book.order", "pk": 7, "fields": {"user": 1, "start_date": "2019-09-09T11:13:31.324Z", "ordered_date": "2019-09-09T11:13:31.323Z", "ordered": true, "billing_address": 65, "payment": 7, "items": [33, 35]}}, {"model": "book.order", "pk": 8, "fields": {"user": 3, "start_date": "2019-09-09T12:12:49.450Z", "ordered_date": "2019-09-09T12:12:49.450Z", "ordered": true, "billing_address": 64, "payment": 6, "items": [34]}}, {"model": "book.order", "pk": 9, "fields": {"user": 1, "start_date": "2019-09-10T11:30:40.477Z", "ordered_date": "2019-09-10T11:30:40.476Z", "ordered": true, "billing_address": 78, "payment": 8, "items": [38]}}, {"model": "book.order", "pk": 10, "fields": {"user": 1, "start_date": "2019-09-12T10:47:49.131Z", "ordered_date": "2019-09-12T10:47:49.130Z", "ordered": true, "billing_address": 79, "payment": 9, "items": [37]}}, {"model": "book.order", "pk": 11, "fields": {"user": 5, "start_date": "2019-09-14T12:35:24.343Z", "ordered_date": "2019-09-14T12:35:24.342Z", "ordered": false, "billing_address": null, "payment": null, "items": [40, 41, 42, 43, 44, 45, 46, 47]}}, {"model": "book.order", "pk": 12, "fields": {"user": 1, "start_date": "2019-09-16T11:41:35.756Z", "ordered_date": "2019-09-16T11:41:35.756Z", "ordered": true, "billing_address": 80, "payment": 10, "items": [48]}}, {"model": "book.order", "pk": 13, "fields": {"user": 1, "start_date": "2019-09-17T10:08:01.585Z", "ordered_date": "2019-09-17T10:08:01.585Z", "ordered": true, "billing_address": 81, "payment": 11, "items": [30]}}, {"model": "book.order", "pk": 14, "fields": {"user": 1, "start_date": "2019-09-18T10:04:21.847Z", "ordered_date": "2019-09-18T10:04:21.846Z", "ordered": true, "billing_address": 82, "payment": 12, "items": [49]}}, {"model": "book.order", "pk": 15, "fields": {"user": 6, "start_date": "2019-09-18T11:13:38.296Z", "ordered_date": "2019-09-18T11:13:38.296Z", "ordered": false, "billing_address": null, "payment": null, "items": []}}, {"model": "book.order", "pk": 16, "fields": {"user": 1, "start_date": "2019-09-20T12:15:10.296Z", "ordered_date": "2019-09-20T12:15:10.296Z", "ordered": true, "billing_address": 83, "payment": 13, "items": [53, 54]}}, {"model": "book.order", "pk": 17, "fields": {"user": 1, "start_date": "2019-09-21T20:07:01.793Z", "ordered_date": "2019-09-21T20:07:01.793Z", "ordered": true, "billing_address": 86, "payment": 14, "items": [56]}}, {"model": "book.order", "pk": 18, "fields": {"user": 1, "start_date": "2019-09-21T20:52:18.576Z", "ordered_date": "2019-09-21T20:52:18.575Z", "ordered": true, "billing_address": 87, "payment": 15, "items": [55]}}, {"model": "book.savecustomeraddress", "pk": 1, "fields": {"user": 1, "street_address": "hoih", "house_address": "gtukuh", "country": "LA", "zip": "31"}}, {"model": "book.savecustomeraddress", "pk": 2, "fields": {"user": 1, "street_address": "vsd", "house_address": "", "country": "AI", "zip": "35"}}, {"model": "book.savecustomeraddress", "pk": 3, "fields": {"user": 1, "street_address": "sds", "house_address": "", "country": "BZ", "zip": "c"}}, {"model": "book.savecustomeraddress", "pk": 4, "fields": {"user": 1, "street_address": "aaaa", "house_address": "", "country": "BQ", "zip": "12425"}}, {"model": "book.savecustomeraddress", "pk": 5, "fields": {"user": 1, "street_address": "2", "house_address": "", "country": "AS", "zip": "121"}}, {"model": "book.savecustomeraddress", "pk": 6, "fields": {"user": 1, "street_address": "jgu", "house_address": "", "country": "SV", "zip": "322233"}}, {"model": "book.savecustomeraddress", "pk": 7, "fields": {"user": 1, "street_address": "uiguizuizi", "house_address": "", "country": "CC", "zip": "121556"}}, {"model": "book.savecustomeraddress", "pk": 8, "fields": {"user": 1, "street_address": "tre", "house_address": "", "country": "NA", "zip": "21212"}}, {"model": "book.savecustomeraddress", "pk": 9, "fields": {"user": 1, "street_address": "gfd", "house_address": "", "country": "AG", "zip": "19003"}}, {"model": "book.savecustomeraddress", "pk": 10, "fields": {"user": 1, "street_address": "kihki", "house_address": "", "country": "BY", "zip": "54"}}, {"model": "book.savecustomeraddress", "pk": 11, "fields": {"user": 1, "street_address": "das", "house_address": "", "country": "BM", "zip": "6666"}}, {"model": "book.savecustomeraddress", "pk": 12, "fields": {"user": 1, "street_address": "kui", "house_address": "", "country": "AM", "zip": "232"}}, {"model": "book.savecustomeraddress", "pk": 13, "fields": {"user": 1, "street_address": "huk", "house_address": "", "country": "DZ", "zip": "2"}}, {"model": "book.savecustomeraddress", "pk": 14, "fields": {"user": 1, "street_address": "jzgj", "house_address": "hfz", "country": "TW", "zip": "534"}}, {"model": "book.savecustomeraddress", "pk": 15, "fields": {"user": 1, "street_address": "dsayfd", "house_address": "fseger", "country": "HM", "zip": "989663"}}, {"model": "book.savecustomeraddress", "pk": 16, "fields": {"user": 1, "street_address": "uuzizu", "house_address": "iuuziou", "country": "AG", "zip": "345"}}, {"model": "book.savecustomeraddress", "pk": 17, "fields": {"user": 1, "street_address": "dsaasd", "house_address": "fsfgsd", "country": "BI", "zip": "59894"}}, {"model": "book.savecustomeraddress", "pk": 18, "fields": {"user": 1, "street_address": "tuuu", "house_address": "jhjhjh", "country": "AO", "zip": "54546"}}, {"model": "book.savecustomeraddress", "pk": 19, "fields": {"user": 1, "street_address": "das", "house_address": "dasf", "country": "BA", "zip": "354"}}, {"model": "book.savecustomeraddress", "pk": 20, "fields": {"user": 1, "street_address": "esf", "house_address": "fsa", "country": "AG", "zip": "fs"}}, {"model": "book.savecustomeraddress", "pk": 21, "fields": {"user": 1, "street_address": "ewfsd", "house_address": "fsd", "country": "AR", "zip": "fsgsdf"}}, {"model": "book.savecustomeraddress", "pk": 22, "fields": {"user": 1, "street_address": "wsad", "house_address": "ads", "country": "BQ", "zip": "245"}}, {"model": "book.savecustomeraddress", "pk": 23, "fields": {"user": 1, "street_address": "dani", "house_address": "devito", "country": "GS", "zip": "01454"}}, {"model": "book.savecustomeraddress", "pk": 24, "fields": {"user": 1, "street_address": "121gt", "house_address": "ztfrtz", "country": "AI", "zip": "345"}}, {"model": "book.savecustomeraddress", "pk": 25, "fields": {"user": 1, "street_address": "121gt", "house_address": "ztfrtz", "country": "AI", "zip": "345"}}, {"model": "book.savecustomeraddress", "pk": 26, "fields": {"user": 1, "street_address": "jyt", "house_address": "hgfj", "country": "KY", "zip": "5555"}}, {"model": "book.savecustomeraddress", "pk": 27, "fields": {"user": 1, "street_address": "sdf", "house_address": "da", "country": "BM", "zip": "1212"}}, {"model": "book.savecustomeraddress", "pk": 28, "fields": {"user": 1, "street_address": "ef", "house_address": "ads", "country": "TD", "zip": "115151"}}, {"model": "book.savecustomeraddress", "pk": 29, "fields": {"user": 1, "street_address": "admina", "house_address": "virt", "country": "TG", "zip": "21212"}}, {"model": "book.savecustomeraddress", "pk": 30, "fields": {"user": 1, "street_address": "ggg", "house_address": "zzzz", "country": "BW", "zip": "211223"}}, {"model": "book.savecustomeraddress", "pk": 31, "fields": {"user": 1, "street_address": "jk", "house_address": "uzzug", "country": "AQ", "zip": "24154"}}, {"model": "book.savecustomeraddress", "pk": 32, "fields": {"user": 1, "street_address": "121gt", "house_address": "adw", "country": "AR", "zip": "1212"}}, {"model": "book.savecustomeraddress", "pk": 33, "fields": {"user": 1, "street_address": "121gt", "house_address": "adw", "country": "AR", "zip": "1212"}}, {"model": "book.savecustomeraddress", "pk": 34, "fields": {"user": 1, "street_address": "me", "house_address": "mkjjjk", "country": "CZ", "zip": "14245"}}, {"model": "book.savecustomeraddress", "pk": 35, "fields": {"user": 1, "street_address": "dsdsa", "house_address": "adas", "country": "GY", "zip": "1545"}}, {"model": "book.savecustomeraddress", "pk": 36, "fields": {"user": 1, "street_address": "dg", "house_address": "wef", "country": "EE", "zip": "2154"}}, {"model": "book.savecustomeraddress", "pk": 37, "fields": {"user": 1, "street_address": "das", "house_address": "dasf", "country": "FM", "zip": "1213"}}, {"model": "book.savecustomeraddress", "pk": 38, "fields": {"user": 1, "street_address": "das", "house_address": "dasf", "country": "FM", "zip": "1213"}}, {"model": "book.savecustomeraddress", "pk": 39, "fields": {"user": 1, "street_address": "asddff", "house_address": "dawesfrtgdfhg", "country": "NF", "zip": "3486"}}, {"model": "book.savecustomeraddress", "pk": 40, "fields": {"user": 1, "street_address": "wderdfgh", "house_address": "ewaresrdggfhb", "country": "AR", "zip": "1245"}}, {"model": "book.savecustomeraddress", "pk": 41, "fields": {"user": 1, "street_address": "some 12", "house_address": "lkjjljpj", "country": "PW", "zip": "14545"}}, {"model": "book.savecustomeraddress", "pk": 42, "fields": {"user": 1, "street_address": "jhjh 12", "house_address": "1iohjoi", "country": "PG", "zip": "121242"}}, {"model": "book.savecustomeraddress", "pk": 43, "fields": {"user": 1, "street_address": "mani 12", "house_address": "mnmnm 22", "country": "PE", "zip": "12154"}}, {"model": "book.savecustomeraddress", "pk": 44, "fields": {"user": 1, "street_address": "non 12", "house_address": "nbk", "country": "SN", "zip": "2121"}}, {"model": "book.savecustomeraddress", "pk": 45, "fields": {"user": 1, "street_address": "dw 12", "house_address": "adfe", "country": "NF", "zip": "2142"}}, {"model": "book.savecustomeraddress", "pk": 46, "fields": {"user": 1, "street_address": "Mady", "house_address": "12 ads", "country": "BW", "zip": "17878"}}, {"model": "book.savecustomeraddress", "pk": 47, "fields": {"user": 1, "street_address": "barro", "house_address": "mnmn", "country": "SZ", "zip": "19245"}}, {"model": "book.savecustomeraddress", "pk": 48, "fields": {"user": 1, "street_address": "jzutug", "house_address": "iuzuig", "country": "AD", "zip": "15455"}}, {"model": "book.savecustomeraddress", "pk": 49, "fields": {"user": 1, "street_address": "adsfdsa", "house_address": "ads", "country": "AI", "zip": "D06 T8F2"}}, {"model": "book.savecustomeraddress", "pk": 50, "fields": {"user": 1, "street_address": "C/Juan Diges Anton 21 1A", "house_address": "", "country": "MG", "zip": "19003"}}, {"model": "book.savecustomeraddress", "pk": 51, "fields": {"user": 1, "street_address": "94 Sandford Road", "house_address": "Ranelagh", "country": "IE", "zip": "66546"}}, {"model": "book.savecustomeraddress", "pk": 52, "fields": {"user": 1, "street_address": "94 Sandford Road", "house_address": "Ranelagh", "country": "IE", "zip": "6"}}, {"model": "book.savecustomeraddress", "pk": 53, "fields": {"user": 1, "street_address": "94 Sandford Road", "house_address": "Ranelagh", "country": "IE", "zip": "6"}}, {"model": "book.savecustomeraddress", "pk": 54, "fields": {"user": 1, "street_address": "94hgjhg", "house_address": "kugzujg", "country": "MC", "zip": "1223"}}, {"model": "book.savecustomeraddress", "pk": 55, "fields": {"user": 1, "street_address": "oiuiztr", "house_address": "sad", "country": "AR", "zip": "21545"}}, {"model": "book.savecustomeraddress", "pk": 56, "fields": {"user": 1, "street_address": "94 Sandford Roas", "house_address": "D6", "country": "IE", "zip": "D06 T8F2"}}, {"model": "book.savecustomeraddress", "pk": 57, "fields": {"user": 1, "street_address": "ysxc", "house_address": "ycyxc", "country": "BF", "zip": "21213"}}, {"model": "book.savecustomeraddress", "pk": 58, "fields": {"user": 1, "street_address": "asd", "house_address": "asd", "country": "AU", "zip": "2112"}}, {"model": "book.savecustomeraddress", "pk": 59, "fields": {"user": 1, "street_address": "aswsdy", "house_address": "cy", "country": "HM", "zip": "2121"}}, {"model": "book.savecustomeraddress", "pk": 60, "fields": {"user": 1, "street_address": "wdas", "house_address": "saf", "country": "CX", "zip": "5215"}}, {"model": "book.savecustomeraddress", "pk": 61, "fields": {"user": 1, "street_address": "wdas", "house_address": "saf", "country": "CX", "zip": "5215"}}, {"model": "book.savecustomeraddress", "pk": 62, "fields": {"user": 1, "street_address": "dasd", "house_address": "adsa", "country": "BZ", "zip": "21212"}}, {"model": "book.savecustomeraddress", "pk": 63, "fields": {"user": 1, "street_address": "jzg", "house_address": "hg", "country": "GY", "zip": "646"}}, {"model": "book.savecustomeraddress", "pk": 64, "fields": {"user": 3, "street_address": "asdff", "house_address": "safd", "country": "CO", "zip": "51341"}}, {"model": "book.savecustomeraddress", "pk": 65, "fields": {"user": 1, "street_address": "dsayfd", "house_address": "ADSD", "country": "PS", "zip": "121"}}, {"model": "book.savecustomeraddress", "pk": 66, "fields": {"user": 1, "street_address": "ads", "house_address": "ads", "country": "CN", "zip": "21313"}}, {"model": "book.savecustomeraddress", "pk": 67, "fields": {"user": 1, "street_address": "jhz", "house_address": "vvdsf", "country": "LU", "zip": "3123"}}, {"model": "book.savecustomeraddress", "pk": 68, "fields": {"user": 1, "street_address": "kik", "house_address": "oihjui", "country": "NA", "zip": "6496"}}, {"model": "book.savecustomeraddress", "pk": 69, "fields": {"user": 1, "street_address": "sddf", "house_address": "", "country": "GT", "zip": "2352"}}, {"model": "book.savecustomeraddress", "pk": 70, "fields": {"user": 1, "street_address": "oi", "house_address": "sfd", "country": "LV", "zip": "154"}}, {"model": "book.savecustomeraddress", "pk": 71, "fields": {"user": 1, "street_address": "ouiooi", "house_address": "", "country": "AQ", "zip": "465456"}}, {"model": "book.savecustomeraddress", "pk": 72, "fields": {"user": 1, "street_address": "jhiuh", "house_address": "vdf", "country": "AI", "zip": "35"}}, {"model": "book.savecustomeraddress", "pk": 73, "fields": {"user": 1, "street_address": "jkj", "house_address": "lkjk", "country": "AQ", "zip": "12"}}, {"model": "book.savecustomeraddress", "pk": 74, "fields": {"user": 1, "street_address": "dsaasd", "house_address": "asd", "country": "AI", "zip": "dad"}}, {"model": "book.savecustomeraddress", "pk": 75, "fields": {"user": 1, "street_address": "dasda", "house_address": "dasda", "country": "TD", "zip": "464"}}, {"model": "book.savecustomeraddress", "pk": 76, "fields": {"user": 1, "street_address": "dasda", "house_address": "dasda", "country": "TD", "zip": "464"}}, {"model": "book.savecustomeraddress", "pk": 77, "fields": {"user": 1, "street_address": "asd", "house_address": "", "country": "AI", "zip": "25453"}}, {"model": "book.savecustomeraddress", "pk": 78, "fields": {"user": 1, "street_address": "dwasd", "house_address": "dasd", "country": "BO", "zip": "64"}}, {"model": "book.savecustomeraddress", "pk": 79, "fields": {"user": 1, "street_address": "iugiug", "house_address": "ihkuihi", "country": "CF", "zip": "31311"}}, {"model": "book.savecustomeraddress", "pk": 80, "fields": {"user": 1, "street_address": "hgut", "house_address": "gzug", "country": "KH", "zip": "315"}}, {"model": "book.savecustomeraddress", "pk": 81, "fields": {"user": 1, "street_address": "dsayfd", "house_address": "addas", "country": "IL", "zip": "6465"}}, {"model": "book.savecustomeraddress", "pk": 82, "fields": {"user": 1, "street_address": "adsd", "house_address": "asd", "country": "GW", "zip": "656565"}}, {"model": "book.savecustomeraddress", "pk": 83, "fields": {"user": 1, "street_address": "94 Sandford Road", "house_address": "Ranelagh", "country": "IE", "zip": "6"}}, {"model": "book.savecustomeraddress", "pk": 84, "fields": {"user": 1, "street_address": "94 Sandford Road", "house_address": "Ranelagh", "country": "IE", "zip": "6"}}, {"model": "book.savecustomeraddress", "pk": 85, "fields": {"user": 1, "street_address": "94 Sandford Road", "house_address": "Ranelagh", "country": "IE", "zip": "6"}}, {"model": "book.savecustomeraddress", "pk": 86, "fields": {"user": 1, "street_address": "C/Juan Diges Anton 21 1A", "house_address": "", "country": "GE", "zip": "19003"}}, {"model": "book.savecustomeraddress", "pk": 87, "fields": {"user": 1, "street_address": "94 Sandford Roas", "house_address": "D6", "country": "VE", "zip": "D06 T8F2"}}, {"model": "book.payment", "pk": 1, "fields": {"stripe_charge_id": "ch_1FGWpPAMAYnnFGtum0yNhAK7", "user": 1, "amount": 25.0, "timestamp": "2019-09-08T20:17:12.517Z"}}, {"model": "book.payment", "pk": 2, "fields": {"stripe_charge_id": "ch_1FGX1MAMAYnnFGtunvNzTQ6G", "user": 1, "amount": 21.0, "timestamp": "2019-09-08T20:29:33.017Z"}}, {"model": "book.payment", "pk": 3, "fields": {"stripe_charge_id": "ch_1FGXIzAMAYnnFGtu1EpsOlPp", "user": 1, "amount": 20.0, "timestamp": "2019-09-08T20:47:46.567Z"}}, {"model": "book.payment", "pk": 4, "fields": {"stripe_charge_id": "ch_1FGY3AAMAYnnFGtufizQKodY", "user": 1, "amount": 20.0, "timestamp": "2019-09-08T21:35:29.931Z"}}, {"model": "book.payment", "pk": 5, "fields": {"stripe_charge_id": "ch_1FGkW5AMAYnnFGtuCCvQMVxI", "user": 1, "amount": 60.0, "timestamp": "2019-09-09T10:54:10.420Z"}}, {"model": "book.payment", "pk": 6, "fields": {"stripe_charge_id": "ch_1FGlt2AMAYnnFGtucLtKvyxp", "user": 3, "amount": 40.0, "timestamp": "2019-09-09T12:21:57.112Z"}}, {"model": "book.payment", "pk": 7, "fields": {"stripe_charge_id": "ch_1FH5hyAMAYnnFGtuvAvxlGvb", "user": 1, "amount": 65.0, "timestamp": "2019-09-10T09:31:50.278Z"}}, {"model": "book.payment", "pk": 8, "fields": {"stripe_charge_id": "ch_1FHpMSAMAYnnFGtu3pbX21fI", "user": 1, "amount": 40.0, "timestamp": "2019-09-12T10:16:38.878Z"}}, {"model": "book.payment", "pk": 9, "fields": {"stripe_charge_id": "ch_1FJ4H1AMAYnnFGtugbYxfM9Q", "user": 1, "amount": 20.0, "timestamp": "2019-09-15T20:24:07.833Z"}}, {"model": "book.payment", "pk": 10, "fields": {"stripe_charge_id": "ch_1FJIbHAMAYnnFGtuQczBHsY0", "user": 1, "amount": 20.0, "timestamp": "2019-09-16T11:41:58.635Z"}}, {"model": "book.payment", "pk": 11, "fields": {"stripe_charge_id": "ch_1FJdcMAMAYnnFGtuH902gOzz", "user": 1, "amount": 126.0, "timestamp": "2019-09-17T10:08:28.442Z"}}, {"model": "book.payment", "pk": 12, "fields": {"stripe_charge_id": "ch_1FK15oAMAYnnFGtuT7TWhNdx", "user": 1, "amount": 21.0, "timestamp": "2019-09-18T11:12:25.859Z"}}, {"model": "book.payment", "pk": 13, "fields": {"stripe_charge_id": "ch_1FKlA8AMAYnnFGtu449Kh8Xy", "user": 1, "amount": 61.0, "timestamp": "2019-09-20T12:23:57.133Z"}}, {"model": "book.payment", "pk": 14, "fields": {"stripe_charge_id": "ch_1FLFJ6AMAYnnFGtuYiiNy1ab", "user": 1, "amount": 25.0, "timestamp": "2019-09-21T20:35:12.869Z"}}, {"model": "book.payment", "pk": 15, "fields": {"stripe_charge_id": "ch_1FLFa4AMAYnnFGtu66MaaWCj", "user": 1, "amount": 105.0, "timestamp": "2019-09-21T20:52:44.826Z"}}, {"model": "admin.logentry", "pk": 1, "fields": {"action_time": "2019-08-29T21:36:52.905Z", "user": 1, "content_type": 15, "object_id": "1", "object_repr": "Don xijote", "action_flag": 1, "change_message": "[{\"added\": {}}]"}}, {"model": "admin.logentry", "pk": 2, "fields": {"action_time": "2019-08-29T21:36:59.342Z", "user": 1, "content_type": 15, "object_id": "2", "object_repr": "Alfons II. Herzog von Ferrara", "action_flag": 1, "change_message": "[{\"added\": {}}]"}}, {"model": "admin.logentry", "pk": 3, "fields": {"action_time": "2019-08-29T21:37:06.060Z", "user": 1, "content_type": 15, "object_id": "3", "object_repr": "ads", "action_flag": 1, "change_message": "[{\"added\": {}}]"}}, {"model": "admin.logentry", "pk": 4, "fields": {"action_time": "2019-08-29T21:37:12.604Z", "user": 1, "content_type": 15, "object_id": "4", "object_repr": "altanero", "action_flag": 1, "change_message": "[{\"added\": {}}]"}}, {"model": "admin.logentry", "pk": 5, "fields": {"action_time": "2019-08-30T12:31:15.788Z", "user": 1, "content_type": 15, "object_id": "4", "object_repr": "altanero", "action_flag": 2, "change_message": "[{\"changed\": {\"fields\": [\"category\", \"sticker\"]}}]"}}, {"model": "admin.logentry", "pk": 6, "fields": {"action_time": "2019-08-30T12:31:25.540Z", "user": 1, "content_type": 15, "object_id": "1", "object_repr": "Don xijote", "action_flag": 2, "change_message": "[{\"changed\": {\"fields\": [\"category\", \"sticker\"]}}]"}}, {"model": "admin.logentry", "pk": 7, "fields": {"action_time": "2019-08-31T15:58:50.606Z", "user": 1, "content_type": 15, "object_id": "3", "object_repr": "ads", "action_flag": 2, "change_message": "[{\"changed\": {\"fields\": [\"category\", \"sticker\"]}}]"}}, {"model": "admin.logentry", "pk": 8, "fields": {"action_time": "2019-08-31T15:58:58.273Z", "user": 1, "content_type": 15, "object_id": "2", "object_repr": "Alfons II. Herzog von Ferrara", "action_flag": 2, "change_message": "[{\"changed\": {\"fields\": [\"category\", \"sticker\"]}}]"}}, {"model": "admin.logentry", "pk": 9, "fields": {"action_time": "2019-08-31T16:06:46.822Z", "user": 1, "content_type": 15, "object_id": "4", "object_repr": "altanero", "action_flag": 2, "change_message": "[{\"changed\": {\"fields\": [\"sticker\"]}}]"}}, {"model": "admin.logentry", "pk": 10, "fields": {"action_time": "2019-08-31T16:06:52.303Z", "user": 1, "content_type": 15, "object_id": "3", "object_repr": "ads", "action_flag": 2, "change_message": "[{\"changed\": {\"fields\": [\"sticker\"]}}]"}}, {"model": "admin.logentry", "pk": 11, "fields": {"action_time": "2019-08-31T16:07:00.206Z", "user": 1, "content_type": 15, "object_id": "2", "object_repr": "Alfons II. Herzog von Ferrara", "action_flag": 2, "change_message": "[{\"changed\": {\"fields\": [\"sticker\"]}}]"}}, {"model": "admin.logentry", "pk": 12, "fields": {"action_time": "2019-08-31T16:07:04.660Z", "user": 1, "content_type": 15, "object_id": "1", "object_repr": "Don xijote", "action_flag": 2, "change_message": "[{\"changed\": {\"fields\": [\"sticker\"]}}]"}}, {"model": "admin.logentry", "pk": 13, "fields": {"action_time": "2019-08-31T16:07:39.863Z", "user": 1, "content_type": 15, "object_id": "2", "object_repr": "Alfons II. Herzog von Ferrara", "action_flag": 2, "change_message": "[{\"changed\": {\"fields\": [\"sticker\"]}}]"}}, {"model": "admin.logentry", "pk": 14, "fields": {"action_time": "2019-08-31T16:08:04.996Z", "user": 1, "content_type": 15, "object_id": "2", "object_repr": "Alfons II. Herzog von Ferrara", "action_flag": 2, "change_message": "[]"}}, {"model": "admin.logentry", "pk": 15, "fields": {"action_time": "2019-08-31T16:08:08.398Z", "user": 1, "content_type": 15, "object_id": "1", "object_repr": "Don xijote", "action_flag": 2, "change_message": "[]"}}, {"model": "admin.logentry", "pk": 16, "fields": {"action_time": "2019-08-31T16:08:12.548Z", "user": 1, "content_type": 15, "object_id": "3", "object_repr": "ads", "action_flag": 2, "change_message": "[]"}}, {"model": "admin.logentry", "pk": 17, "fields": {"action_time": "2019-08-31T16:08:16.257Z", "user": 1, "content_type": 15, "object_id": "3", "object_repr": "ads", "action_flag": 2, "change_message": "[]"}}, {"model": "admin.logentry", "pk": 18, "fields": {"action_time": "2019-08-31T16:08:20.078Z", "user": 1, "content_type": 15, "object_id": "4", "object_repr": "altanero", "action_flag": 2, "change_message": "[]"}}, {"model": "admin.logentry", "pk": 19, "fields": {"action_time": "2019-08-31T16:08:26.826Z", "user": 1, "content_type": 15, "object_id": "3", "object_repr": "ads", "action_flag": 2, "change_message": "[]"}}, {"model": "admin.logentry", "pk": 20, "fields": {"action_time": "2019-08-31T16:08:34.839Z", "user": 1, "content_type": 15, "object_id": "2", "object_repr": "Alfons II. Herzog von Ferrara", "action_flag": 2, "change_message": "[{\"changed\": {\"fields\": [\"sticker\"]}}]"}}, {"model": "admin.logentry", "pk": 21, "fields": {"action_time": "2019-08-31T16:09:27.396Z", "user": 1, "content_type": 15, "object_id": "3", "object_repr": "ads", "action_flag": 2, "change_message": "[]"}}, {"model": "admin.logentry", "pk": 22, "fields": {"action_time": "2019-08-31T16:09:30.945Z", "user": 1, "content_type": 15, "object_id": "4", "object_repr": "altanero", "action_flag": 2, "change_message": "[]"}}, {"model": "admin.logentry", "pk": 23, "fields": {"action_time": "2019-08-31T16:09:34.073Z", "user": 1, "content_type": 15, "object_id": "2", "object_repr": "Alfons II. Herzog von Ferrara", "action_flag": 2, "change_message": "[]"}}, {"model": "admin.logentry", "pk": 24, "fields": {"action_time": "2019-08-31T16:09:38.996Z", "user": 1, "content_type": 15, "object_id": "1", "object_repr": "Don xijote", "action_flag": 2, "change_message": "[]"}}, {"model": "admin.logentry", "pk": 25, "fields": {"action_time": "2019-08-31T16:09:44.099Z", "user": 1, "content_type": 15, "object_id": "3", "object_repr": "ads", "action_flag": 2, "change_message": "[]"}}, {"model": "admin.logentry", "pk": 26, "fields": {"action_time": "2019-08-31T16:09:47.515Z", "user": 1, "content_type": 15, "object_id": "4", "object_repr": "altanero", "action_flag": 2, "change_message": "[]"}}, {"model": "admin.logentry", "pk": 27, "fields": {"action_time": "2019-08-31T17:23:52.072Z", "user": 1, "content_type": 15, "object_id": "4", "object_repr": "altanero", "action_flag": 2, "change_message": "[{\"changed\": {\"fields\": [\"slug\"]}}]"}}, {"model": "admin.logentry", "pk": 28, "fields": {"action_time": "2019-08-31T17:23:55.952Z", "user": 1, "content_type": 15, "object_id": "3", "object_repr": "ads", "action_flag": 2, "change_message": "[{\"changed\": {\"fields\": [\"slug\"]}}]"}}, {"model": "admin.logentry", "pk": 29, "fields": {"action_time": "2019-08-31T17:23:59.111Z", "user": 1, "content_type": 15, "object_id": "2", "object_repr": "Alfons II. Herzog von Ferrara", "action_flag": 2, "change_message": "[{\"changed\": {\"fields\": [\"slug\"]}}]"}}, {"model": "admin.logentry", "pk": 30, "fields": {"action_time": "2019-08-31T17:24:02.593Z", "user": 1, "content_type": 15, "object_id": "1", "object_repr": "Don xijote", "action_flag": 2, "change_message": "[{\"changed\": {\"fields\": [\"slug\"]}}]"}}, {"model": "admin.logentry", "pk": 31, "fields": {"action_time": "2019-08-31T17:58:29.419Z", "user": 1, "content_type": 15, "object_id": "4", "object_repr": "altanero", "action_flag": 2, "change_message": "[{\"changed\": {\"fields\": [\"discount_price\"]}}]"}}, {"model": "admin.logentry", "pk": 32, "fields": {"action_time": "2019-08-31T17:58:33.416Z", "user": 1, "content_type": 15, "object_id": "2", "object_repr": "Alfons II. Herzog von Ferrara", "action_flag": 2, "change_message": "[{\"changed\": {\"fields\": [\"discount_price\"]}}]"}}, {"model": "admin.logentry", "pk": 33, "fields": {"action_time": "2019-08-31T17:58:43.303Z", "user": 1, "content_type": 15, "object_id": "1", "object_repr": "Don xijote", "action_flag": 2, "change_message": "[{\"changed\": {\"fields\": [\"discount_price\"]}}]"}}, {"model": "admin.logentry", "pk": 34, "fields": {"action_time": "2019-08-31T19:00:46.490Z", "user": 1, "content_type": 15, "object_id": "3", "object_repr": "ads", "action_flag": 2, "change_message": "[]"}}, {"model": "admin.logentry", "pk": 35, "fields": {"action_time": "2019-08-31T20:05:39.895Z", "user": 1, "content_type": 14, "object_id": "9", "object_repr": "1 of Alfons II. Herzog von Ferrara", "action_flag": 3, "change_message": ""}}, {"model": "admin.logentry", "pk": 36, "fields": {"action_time": "2019-08-31T20:05:39.902Z", "user": 1, "content_type": 14, "object_id": "8", "object_repr": "1 of Don xijote", "action_flag": 3, "change_message": ""}}, {"model": "admin.logentry", "pk": 37, "fields": {"action_time": "2019-08-31T20:05:39.908Z", "user": 1, "content_type": 14, "object_id": "7", "object_repr": "1 of Don xijote", "action_flag": 3, "change_message": ""}}, {"model": "admin.logentry", "pk": 38, "fields": {"action_time": "2019-08-31T20:05:39.914Z", "user": 1, "content_type": 14, "object_id": "6", "object_repr": "1 of Don xijote", "action_flag": 3, "change_message": ""}}, {"model": "admin.logentry", "pk": 39, "fields": {"action_time": "2019-08-31T20:05:39.920Z", "user": 1, "content_type": 14, "object_id": "5", "object_repr": "1 of Don xijote", "action_flag": 3, "change_message": ""}}, {"model": "admin.logentry", "pk": 40, "fields": {"action_time": "2019-08-31T20:05:39.925Z", "user": 1, "content_type": 14, "object_id": "4", "object_repr": "1 of Don xijote", "action_flag": 3, "change_message": ""}}, {"model": "admin.logentry", "pk": 41, "fields": {"action_time": "2019-08-31T20:05:39.931Z", "user": 1, "content_type": 14, "object_id": "3", "object_repr": "1 of Don xijote", "action_flag": 3, "change_message": ""}}, {"model": "admin.logentry", "pk": 42, "fields": {"action_time": "2019-08-31T20:05:39.938Z", "user": 1, "content_type": 14, "object_id": "2", "object_repr": "1 of Don xijote", "action_flag": 3, "change_message": ""}}, {"model": "admin.logentry", "pk": 43, "fields": {"action_time": "2019-08-31T20:05:39.944Z", "user": 1, "content_type": 14, "object_id": "1", "object_repr": "1 of Don xijote", "action_flag": 3, "change_message": ""}}, {"model": "admin.logentry", "pk": 44, "fields": {"action_time": "2019-08-31T20:07:59.776Z", "user": 1, "content_type": 14, "object_id": "10", "object_repr": "1 of Alfons II. Herzog von Ferrara", "action_flag": 3, "change_message": ""}}, {"model": "admin.logentry", "pk": 45, "fields": {"action_time": "2019-08-31T20:16:10.916Z", "user": 1, "content_type": 14, "object_id": "12", "object_repr": "2 of Don xijote", "action_flag": 2, "change_message": "[{\"changed\": {\"fields\": [\"user\"]}}]"}}, {"model": "admin.logentry", "pk": 46, "fields": {"action_time": "2019-08-31T20:16:17.646Z", "user": 1, "content_type": 14, "object_id": "13", "object_repr": "1 of Alfons II. Herzog von Ferrara", "action_flag": 2, "change_message": "[{\"changed\": {\"fields\": [\"user\"]}}]"}}, {"model": "admin.logentry", "pk": 47, "fields": {"action_time": "2019-08-31T20:20:41.415Z", "user": 1, "content_type": 14, "object_id": "12", "object_repr": "2 of Don xijote", "action_flag": 2, "change_message": "[{\"changed\": {\"fields\": [\"user\"]}}]"}}, {"model": "admin.logentry", "pk": 48, "fields": {"action_time": "2019-08-31T20:20:45.546Z", "user": 1, "content_type": 14, "object_id": "11", "object_repr": "1 of Don xijote", "action_flag": 2, "change_message": "[{\"changed\": {\"fields\": [\"user\"]}}]"}}, {"model": "admin.logentry", "pk": 49, "fields": {"action_time": "2019-08-31T20:20:50.298Z", "user": 1, "content_type": 14, "object_id": "13", "object_repr": "1 of Alfons II. Herzog von Ferrara", "action_flag": 2, "change_message": "[{\"changed\": {\"fields\": [\"user\"]}}]"}}, {"model": "admin.logentry", "pk": 50, "fields": {"action_time": "2019-08-31T20:38:01.341Z", "user": 1, "content_type": 14, "object_id": "13", "object_repr": "1 of Alfons II. Herzog von Ferrara", "action_flag": 3, "change_message": ""}}, {"model": "admin.logentry", "pk": 51, "fields": {"action_time": "2019-08-31T20:38:01.364Z", "user": 1, "content_type": 14, "object_id": "12", "object_repr": "2 of Don xijote", "action_flag": 3, "change_message": ""}}, {"model": "admin.logentry", "pk": 52, "fields": {"action_time": "2019-08-31T20:38:01.371Z", "user": 1, "content_type": 14, "object_id": "11", "object_repr": "1 of Don xijote", "action_flag": 3, "change_message": ""}}, {"model": "admin.logentry", "pk": 53, "fields": {"action_time": "2019-08-31T20:41:53.519Z", "user": 1, "content_type": 14, "object_id": "15", "object_repr": "1 of ads", "action_flag": 3, "change_message": ""}}, {"model": "admin.logentry", "pk": 54, "fields": {"action_time": "2019-08-31T20:41:53.554Z", "user": 1, "content_type": 14, "object_id": "14", "object_repr": "2 of Don xijote", "action_flag": 3, "change_message": ""}}, {"model": "admin.logentry", "pk": 55, "fields": {"action_time": "2019-08-31T20:46:08.091Z", "user": 1, "content_type": 14, "object_id": "17", "object_repr": "1 of Don xijote", "action_flag": 3, "change_message": ""}}, {"model": "admin.logentry", "pk": 56, "fields": {"action_time": "2019-08-31T20:46:08.098Z", "user": 1, "content_type": 14, "object_id": "16", "object_repr": "1 of Alfons II. Herzog von Ferrara", "action_flag": 3, "change_message": ""}}, {"model": "admin.logentry", "pk": 57, "fields": {"action_time": "2019-08-31T20:51:01.284Z", "user": 1, "content_type": 15, "object_id": "4", "object_repr": "altanero", "action_flag": 3, "change_message": ""}}, {"model": "admin.logentry", "pk": 58, "fields": {"action_time": "2019-08-31T20:51:01.310Z", "user": 1, "content_type": 15, "object_id": "3", "object_repr": "ads", "action_flag": 3, "change_message": ""}}, {"model": "admin.logentry", "pk": 59, "fields": {"action_time": "2019-08-31T20:51:01.316Z", "user": 1, "content_type": 15, "object_id": "2", "object_repr": "Alfons II. Herzog von Ferrara", "action_flag": 3, "change_message": ""}}, {"model": "admin.logentry", "pk": 60, "fields": {"action_time": "2019-08-31T20:51:01.322Z", "user": 1, "content_type": 15, "object_id": "1", "object_repr": "Don xijote", "action_flag": 3, "change_message": ""}}, {"model": "admin.logentry", "pk": 61, "fields": {"action_time": "2019-08-31T20:51:34.584Z", "user": 1, "content_type": 15, "object_id": "5", "object_repr": "Gulliver's Travels", "action_flag": 1, "change_message": "[{\"added\": {}}]"}}, {"model": "admin.logentry", "pk": 62, "fields": {"action_time": "2019-08-31T20:52:11.875Z", "user": 1, "content_type": 15, "object_id": "6", "object_repr": "Edgar and Catherine marry", "action_flag": 1, "change_message": "[{\"added\": {}}]"}}, {"model": "admin.logentry", "pk": 63, "fields": {"action_time": "2019-08-31T20:52:35.534Z", "user": 1, "content_type": 14, "object_id": "20", "object_repr": "1 of Gulliver's Travels", "action_flag": 1, "change_message": "[{\"added\": {}}]"}}, {"model": "admin.logentry", "pk": 64, "fields": {"action_time": "2019-08-31T20:52:40.423Z", "user": 1, "content_type": 13, "object_id": "1", "object_repr": "admin", "action_flag": 2, "change_message": "[{\"changed\": {\"fields\": [\"items\"]}}]"}}, {"model": "admin.logentry", "pk": 65, "fields": {"action_time": "2019-08-31T22:04:06.972Z", "user": 1, "content_type": 14, "object_id": "21", "object_repr": "12 of Edgar and Catherine marry", "action_flag": 3, "change_message": ""}}, {"model": "admin.logentry", "pk": 66, "fields": {"action_time": "2019-08-31T22:04:06.982Z", "user": 1, "content_type": 14, "object_id": "20", "object_repr": "10 of Gulliver's Travels", "action_flag": 3, "change_message": ""}}, {"model": "admin.logentry", "pk": 67, "fields": {"action_time": "2019-09-01T13:58:16.961Z", "user": 1, "content_type": 14, "object_id": "22", "object_repr": "1 of Edgar and Catherine marry", "action_flag": 2, "change_message": "[{\"changed\": {\"fields\": [\"quantity\"]}}]"}}, {"model": "admin.logentry", "pk": 68, "fields": {"action_time": "2019-09-01T13:58:21.555Z", "user": 1, "content_type": 14, "object_id": "23", "object_repr": "1 of Gulliver's Travels", "action_flag": 2, "change_message": "[{\"changed\": {\"fields\": [\"quantity\"]}}]"}}, {"model": "admin.logentry", "pk": 69, "fields": {"action_time": "2019-09-01T13:58:25.576Z", "user": 1, "content_type": 14, "object_id": "23", "object_repr": "1 of Gulliver's Travels", "action_flag": 2, "change_message": "[]"}}, {"model": "admin.logentry", "pk": 70, "fields": {"action_time": "2019-09-01T19:32:19.446Z", "user": 1, "content_type": 14, "object_id": "24", "object_repr": "3 of Edgar and Catherine marry", "action_flag": 3, "change_message": ""}}, {"model": "admin.logentry", "pk": 71, "fields": {"action_time": "2019-09-01T19:32:19.475Z", "user": 1, "content_type": 14, "object_id": "23", "object_repr": "10 of Gulliver's Travels", "action_flag": 3, "change_message": ""}}, {"model": "admin.logentry", "pk": 72, "fields": {"action_time": "2019-09-01T19:32:19.480Z", "user": 1, "content_type": 14, "object_id": "22", "object_repr": "1 of Edgar and Catherine marry", "action_flag": 3, "change_message": ""}}, {"model": "admin.logentry", "pk": 73, "fields": {"action_time": "2019-09-03T12:11:59.257Z", "user": 1, "content_type": 15, "object_id": "7", "object_repr": "prob", "action_flag": 1, "change_message": "[{\"added\": {}}]"}}, {"model": "admin.logentry", "pk": 74, "fields": {"action_time": "2019-09-04T11:53:35.573Z", "user": 1, "content_type": 18, "object_id": "1", "object_repr": "Peter Lindberg", "action_flag": 1, "change_message": "[{\"added\": {}}]"}}, {"model": "admin.logentry", "pk": 75, "fields": {"action_time": "2019-09-04T11:53:44.362Z", "user": 1, "content_type": 15, "object_id": "7", "object_repr": "prob", "action_flag": 2, "change_message": "[{\"changed\": {\"fields\": [\"author\"]}}]"}}, {"model": "admin.logentry", "pk": 76, "fields": {"action_time": "2019-09-04T11:54:16.433Z", "user": 1, "content_type": 15, "object_id": "8", "object_repr": "Bmw x4", "action_flag": 1, "change_message": "[{\"added\": {}}]"}}, {"model": "admin.logentry", "pk": 77, "fields": {"action_time": "2019-09-04T11:56:38.509Z", "user": 1, "content_type": 15, "object_id": "8", "object_repr": "Bmw x4", "action_flag": 2, "change_message": "[]"}}, {"model": "admin.logentry", "pk": 78, "fields": {"action_time": "2019-09-05T11:30:18.700Z", "user": 1, "content_type": 15, "object_id": "5", "object_repr": "Gulliver's Travels", "action_flag": 2, "change_message": "[{\"changed\": {\"fields\": [\"author\", \"publish_date\"]}}]"}}, {"model": "admin.logentry", "pk": 79, "fields": {"action_time": "2019-09-05T12:10:59.296Z", "user": 1, "content_type": 15, "object_id": "5", "object_repr": "Gulliver's Travels", "action_flag": 2, "change_message": "[{\"changed\": {\"fields\": [\"work_author\"]}}]"}}, {"model": "admin.logentry", "pk": 80, "fields": {"action_time": "2019-09-05T12:11:07.533Z", "user": 1, "content_type": 15, "object_id": "7", "object_repr": "prob", "action_flag": 2, "change_message": "[{\"changed\": {\"fields\": [\"work_author\"]}}]"}}, {"model": "admin.logentry", "pk": 81, "fields": {"action_time": "2019-09-05T12:12:43.164Z", "user": 1, "content_type": 15, "object_id": "5", "object_repr": "Gulliver's Travels", "action_flag": 2, "change_message": "[{\"changed\": {\"fields\": [\"views\"]}}]"}}, {"model": "admin.logentry", "pk": 82, "fields": {"action_time": "2019-09-05T12:12:49.786Z", "user": 1, "content_type": 15, "object_id": "7", "object_repr": "prob", "action_flag": 2, "change_message": "[{\"changed\": {\"fields\": [\"views\"]}}]"}}, {"model": "admin.logentry", "pk": 83, "fields": {"action_time": "2019-09-05T12:24:15.045Z", "user": 1, "content_type": 15, "object_id": "7", "object_repr": "prob", "action_flag": 2, "change_message": "[{\"changed\": {\"fields\": [\"publish_date\"]}}]"}}, {"model": "admin.logentry", "pk": 84, "fields": {"action_time": "2019-09-05T12:24:22.180Z", "user": 1, "content_type": 15, "object_id": "8", "object_repr": "Bmw x4", "action_flag": 2, "change_message": "[{\"changed\": {\"fields\": [\"publish_date\"]}}]"}}, {"model": "admin.logentry", "pk": 85, "fields": {"action_time": "2019-09-05T12:24:30.614Z", "user": 1, "content_type": 15, "object_id": "5", "object_repr": "Gulliver's Travels", "action_flag": 2, "change_message": "[{\"changed\": {\"fields\": [\"publish_date\"]}}]"}}, {"model": "admin.logentry", "pk": 86, "fields": {"action_time": "2019-09-05T12:30:35.032Z", "user": 1, "content_type": 15, "object_id": "5", "object_repr": "Gulliver's Travels", "action_flag": 2, "change_message": "[{\"changed\": {\"fields\": [\"bestseller\", \"shortbook\", \"underground_appreciation\"]}}]"}}, {"model": "admin.logentry", "pk": 87, "fields": {"action_time": "2019-09-05T12:30:42.797Z", "user": 1, "content_type": 15, "object_id": "6", "object_repr": "Edgar and Catherine marry", "action_flag": 2, "change_message": "[{\"changed\": {\"fields\": [\"notbestseller\", \"longbook\", \"worldwide_appreciated\"]}}]"}}, {"model": "admin.logentry", "pk": 88, "fields": {"action_time": "2019-09-05T12:30:54.141Z", "user": 1, "content_type": 15, "object_id": "7", "object_repr": "prob", "action_flag": 2, "change_message": "[{\"changed\": {\"fields\": [\"bestseller\", \"longbook\", \"underground_appreciation\"]}}]"}}, {"model": "admin.logentry", "pk": 89, "fields": {"action_time": "2019-09-05T12:31:01.277Z", "user": 1, "content_type": 15, "object_id": "8", "object_repr": "Bmw x4", "action_flag": 2, "change_message": "[{\"changed\": {\"fields\": [\"bestseller\", \"shortbook\", \"worldwide_appreciated\"]}}]"}}, {"model": "admin.logentry", "pk": 90, "fields": {"action_time": "2019-09-06T09:35:03.410Z", "user": 1, "content_type": 15, "object_id": "7", "object_repr": "prob", "action_flag": 2, "change_message": "[{\"changed\": {\"fields\": [\"price\"]}}]"}}, {"model": "admin.logentry", "pk": 91, "fields": {"action_time": "2019-09-06T09:35:12.833Z", "user": 1, "content_type": 15, "object_id": "8", "object_repr": "Bmw x4", "action_flag": 2, "change_message": "[{\"changed\": {\"fields\": [\"price\"]}}]"}}, {"model": "admin.logentry", "pk": 92, "fields": {"action_time": "2019-09-06T09:42:16.746Z", "user": 1, "content_type": 15, "object_id": "5", "object_repr": "Gulliver's Travels", "action_flag": 2, "change_message": "[{\"changed\": {\"fields\": [\"cover\"]}}]"}}, {"model": "admin.logentry", "pk": 93, "fields": {"action_time": "2019-09-06T09:42:27.224Z", "user": 1, "content_type": 15, "object_id": "6", "object_repr": "Edgar and Catherine marry", "action_flag": 2, "change_message": "[]"}}, {"model": "admin.logentry", "pk": 94, "fields": {"action_time": "2019-09-06T09:42:39.844Z", "user": 1, "content_type": 15, "object_id": "7", "object_repr": "prob", "action_flag": 2, "change_message": "[{\"changed\": {\"fields\": [\"cover\"]}}]"}}, {"model": "admin.logentry", "pk": 95, "fields": {"action_time": "2019-09-06T09:42:47.074Z", "user": 1, "content_type": 15, "object_id": "8", "object_repr": "Bmw x4", "action_flag": 2, "change_message": "[{\"changed\": {\"fields\": [\"cover\"]}}]"}}, {"model": "admin.logentry", "pk": 96, "fields": {"action_time": "2019-09-07T22:49:19.887Z", "user": 1, "content_type": 15, "object_id": "8", "object_repr": "Bmw x4", "action_flag": 3, "change_message": ""}}, {"model": "admin.logentry", "pk": 97, "fields": {"action_time": "2019-09-07T22:49:19.893Z", "user": 1, "content_type": 15, "object_id": "7", "object_repr": "prob", "action_flag": 3, "change_message": ""}}, {"model": "admin.logentry", "pk": 98, "fields": {"action_time": "2019-09-07T22:49:19.898Z", "user": 1, "content_type": 15, "object_id": "6", "object_repr": "Edgar and Catherine marry", "action_flag": 3, "change_message": ""}}, {"model": "admin.logentry", "pk": 99, "fields": {"action_time": "2019-09-07T22:49:19.904Z", "user": 1, "content_type": 15, "object_id": "5", "object_repr": "Gulliver's Travels", "action_flag": 3, "change_message": ""}}, {"model": "admin.logentry", "pk": 100, "fields": {"action_time": "2019-09-07T22:50:14.962Z", "user": 1, "content_type": 15, "object_id": "9", "object_repr": "homer", "action_flag": 1, "change_message": "[{\"added\": {}}]"}}, {"model": "admin.logentry", "pk": 101, "fields": {"action_time": "2019-09-07T22:58:39.280Z", "user": 1, "content_type": 15, "object_id": "9", "object_repr": "homer", "action_flag": 2, "change_message": "[{\"changed\": {\"fields\": [\"cover\"]}}]"}}, {"model": "admin.logentry", "pk": 102, "fields": {"action_time": "2019-09-08T17:12:20.825Z", "user": 1, "content_type": 15, "object_id": "10", "object_repr": "Beowulf: An Anglo-Saxon Epic Poem", "action_flag": 1, "change_message": "[{\"added\": {}}]"}}, {"model": "admin.logentry", "pk": 103, "fields": {"action_time": "2019-09-08T17:16:35.234Z", "user": 1, "content_type": 15, "object_id": "11", "object_repr": "Pride and Prejudice", "action_flag": 1, "change_message": "[{\"added\": {}}]"}}, {"model": "admin.logentry", "pk": 104, "fields": {"action_time": "2019-09-08T17:23:12.490Z", "user": 1, "content_type": 15, "object_id": "12", "object_repr": "Frankenstein", "action_flag": 1, "change_message": "[{\"added\": {}}]"}}, {"model": "admin.logentry", "pk": 105, "fields": {"action_time": "2019-09-08T17:26:26.854Z", "user": 1, "content_type": 15, "object_id": "13", "object_repr": "Grimms' Fairy Tales", "action_flag": 1, "change_message": "[{\"added\": {}}]"}}, {"model": "admin.logentry", "pk": 106, "fields": {"action_time": "2019-09-08T17:29:47.879Z", "user": 1, "content_type": 15, "object_id": "14", "object_repr": "Siddhartha", "action_flag": 1, "change_message": "[{\"added\": {}}]"}}, {"model": "admin.logentry", "pk": 107, "fields": {"action_time": "2019-09-08T17:37:16.029Z", "user": 1, "content_type": 15, "object_id": "15", "object_repr": "Don Quixote", "action_flag": 1, "change_message": "[{\"added\": {}}]"}}, {"model": "admin.logentry", "pk": 108, "fields": {"action_time": "2019-09-08T17:43:39.223Z", "user": 1, "content_type": 15, "object_id": "16", "object_repr": "The Kama Sutra", "action_flag": 1, "change_message": "[{\"added\": {}}]"}}, {"model": "admin.logentry", "pk": 109, "fields": {"action_time": "2019-09-08T18:24:30.938Z", "user": 1, "content_type": 15, "object_id": "12", "object_repr": "Frankenstein", "action_flag": 2, "change_message": "[{\"changed\": {\"fields\": [\"sticker\"]}}]"}}, {"model": "admin.logentry", "pk": 110, "fields": {"action_time": "2019-09-08T18:28:51.776Z", "user": 1, "content_type": 15, "object_id": "12", "object_repr": "Frankenstein", "action_flag": 2, "change_message": "[{\"changed\": {\"fields\": [\"sticker\", \"slug\"]}}]"}}, {"model": "admin.logentry", "pk": 111, "fields": {"action_time": "2019-09-16T11:30:48.626Z", "user": 1, "content_type": 15, "object_id": "12", "object_repr": "Frankenstein", "action_flag": 2, "change_message": "[{\"changed\": {\"fields\": [\"sticker\"]}}]"}}, {"model": "admin.logentry", "pk": 112, "fields": {"action_time": "2019-09-16T11:37:11.736Z", "user": 1, "content_type": 15, "object_id": "11", "object_repr": "Pride and Prejudice", "action_flag": 2, "change_message": "[{\"changed\": {\"fields\": [\"sticker\"]}}]"}}, {"model": "admin.logentry", "pk": 113, "fields": {"action_time": "2019-09-16T11:39:00.979Z", "user": 1, "content_type": 15, "object_id": "16", "object_repr": "The Kama Sutra", "action_flag": 2, "change_message": "[{\"changed\": {\"fields\": [\"sticker\"]}}]"}}, {"model": "admin.logentry", "pk": 114, "fields": {"action_time": "2019-09-16T11:39:07.533Z", "user": 1, "content_type": 15, "object_id": "15", "object_repr": "Don Quixote", "action_flag": 2, "change_message": "[{\"changed\": {\"fields\": [\"sticker\"]}}]"}}, {"model": "admin.logentry", "pk": 115, "fields": {"action_time": "2019-09-16T11:39:15.757Z", "user": 1, "content_type": 15, "object_id": "14", "object_repr": "Siddhartha", "action_flag": 2, "change_message": "[{\"changed\": {\"fields\": [\"sticker\"]}}]"}}, {"model": "admin.logentry", "pk": 116, "fields": {"action_time": "2019-09-16T11:39:21.804Z", "user": 1, "content_type": 15, "object_id": "13", "object_repr": "Grimms' Fairy Tales", "action_flag": 2, "change_message": "[{\"changed\": {\"fields\": [\"sticker\"]}}]"}}, {"model": "admin.logentry", "pk": 117, "fields": {"action_time": "2019-09-16T11:39:26.883Z", "user": 1, "content_type": 15, "object_id": "12", "object_repr": "Frankenstein", "action_flag": 2, "change_message": "[]"}}, {"model": "admin.logentry", "pk": 118, "fields": {"action_time": "2019-09-16T11:39:33.066Z", "user": 1, "content_type": 15, "object_id": "11", "object_repr": "Pride and Prejudice", "action_flag": 2, "change_message": "[{\"changed\": {\"fields\": [\"sticker\"]}}]"}}, {"model": "admin.logentry", "pk": 119, "fields": {"action_time": "2019-09-16T11:39:38.781Z", "user": 1, "content_type": 15, "object_id": "11", "object_repr": "Pride and Prejudice", "action_flag": 2, "change_message": "[{\"changed\": {\"fields\": [\"sticker\"]}}]"}}, {"model": "admin.logentry", "pk": 120, "fields": {"action_time": "2019-09-16T11:39:45.736Z", "user": 1, "content_type": 15, "object_id": "10", "object_repr": "Beowulf: An Anglo-Saxon Epic Poem", "action_flag": 2, "change_message": "[{\"changed\": {\"fields\": [\"sticker\"]}}]"}}, {"model": "admin.logentry", "pk": 121, "fields": {"action_time": "2019-09-16T11:39:51.196Z", "user": 1, "content_type": 15, "object_id": "9", "object_repr": "homer", "action_flag": 2, "change_message": "[{\"changed\": {\"fields\": [\"sticker\"]}}]"}}, {"model": "admin.logentry", "pk": 122, "fields": {"action_time": "2019-09-16T11:42:56.193Z", "user": 1, "content_type": 15, "object_id": "9", "object_repr": "homer", "action_flag": 2, "change_message": "[]"}}, {"model": "admin.logentry", "pk": 123, "fields": {"action_time": "2019-09-16T11:43:01.861Z", "user": 1, "content_type": 15, "object_id": "16", "object_repr": "The Kama Sutra", "action_flag": 2, "change_message": "[]"}}, {"model": "admin.logentry", "pk": 124, "fields": {"action_time": "2019-09-16T11:43:07.070Z", "user": 1, "content_type": 15, "object_id": "11", "object_repr": "Pride and Prejudice", "action_flag": 2, "change_message": "[]"}}, {"model": "admin.logentry", "pk": 125, "fields": {"action_time": "2019-09-16T11:43:13.749Z", "user": 1, "content_type": 15, "object_id": "10", "object_repr": "Beowulf: An Anglo-Saxon Epic Poem", "action_flag": 2, "change_message": "[]"}}, {"model": "admin.logentry", "pk": 126, "fields": {"action_time": "2019-09-16T11:43:18.425Z", "user": 1, "content_type": 15, "object_id": "14", "object_repr": "Siddhartha", "action_flag": 2, "change_message": "[]"}}, {"model": "admin.logentry", "pk": 127, "fields": {"action_time": "2019-09-16T11:43:24.603Z", "user": 1, "content_type": 15, "object_id": "15", "object_repr": "Don Quixote", "action_flag": 2, "change_message": "[{\"changed\": {\"fields\": [\"sticker\"]}}]"}}, {"model": "admin.logentry", "pk": 128, "fields": {"action_time": "2019-09-16T11:51:16.196Z", "user": 1, "content_type": 15, "object_id": "15", "object_repr": "Don Quixote", "action_flag": 2, "change_message": "[{\"changed\": {\"fields\": [\"sticker\"]}}]"}}, {"model": "admin.logentry", "pk": 129, "fields": {"action_time": "2019-09-16T11:51:29.336Z", "user": 1, "content_type": 15, "object_id": "10", "object_repr": "Beowulf: An Anglo-Saxon Epic Poem", "action_flag": 2, "change_message": "[{\"changed\": {\"fields\": [\"sticker\"]}}]"}}, {"model": "admin.logentry", "pk": 130, "fields": {"action_time": "2019-09-16T11:52:19.330Z", "user": 1, "content_type": 15, "object_id": "15", "object_repr": "Don Quixote", "action_flag": 2, "change_message": "[]"}}, {"model": "admin.logentry", "pk": 131, "fields": {"action_time": "2019-09-16T11:52:59.209Z", "user": 1, "content_type": 15, "object_id": "15", "object_repr": "Don Quixote", "action_flag": 2, "change_message": "[{\"changed\": {\"fields\": [\"sticker\"]}}]"}}, {"model": "admin.logentry", "pk": 132, "fields": {"action_time": "2019-09-16T11:57:44.805Z", "user": 1, "content_type": 15, "object_id": "9", "object_repr": "homer", "action_flag": 2, "change_message": "[{\"changed\": {\"fields\": [\"sticker\"]}}]"}}, {"model": "admin.logentry", "pk": 133, "fields": {"action_time": "2019-09-16T11:57:51.213Z", "user": 1, "content_type": 15, "object_id": "16", "object_repr": "The Kama Sutra", "action_flag": 2, "change_message": "[{\"changed\": {\"fields\": [\"sticker\"]}}]"}}, {"model": "admin.logentry", "pk": 134, "fields": {"action_time": "2019-09-16T12:01:25.608Z", "user": 1, "content_type": 15, "object_id": "16", "object_repr": "The Kama Sutra", "action_flag": 2, "change_message": "[{\"changed\": {\"fields\": [\"sticker\"]}}]"}}, {"model": "admin.logentry", "pk": 135, "fields": {"action_time": "2019-09-16T12:03:27.303Z", "user": 1, "content_type": 15, "object_id": "9", "object_repr": "homer", "action_flag": 2, "change_message": "[{\"changed\": {\"fields\": [\"sticker\"]}}]"}}, {"model": "admin.logentry", "pk": 136, "fields": {"action_time": "2019-09-16T12:40:28.732Z", "user": 1, "content_type": 15, "object_id": "16", "object_repr": "The Kama Sutra", "action_flag": 2, "change_message": "[{\"changed\": {\"fields\": [\"category\"]}}]"}}, {"model": "admin.logentry", "pk": 137, "fields": {"action_time": "2019-09-20T11:11:30.010Z", "user": 1, "content_type": 15, "object_id": "9", "object_repr": "homer", "action_flag": 2, "change_message": "[{\"changed\": {\"fields\": [\"sticker\"]}}]"}}]